user_id,event_date,install_date,country,device,ab_group,session_length,revenue
1,2026-01-23,2026-01-20,US,iOS,B,34,3
1,2026-01-25,2026-01-20,US,iOS,B,22,0
1,2026-01-27,2026-01-20,US,iOS,B,6,0
1,2026-01-28,2026-01-20,US,iOS,B,21,8
2,2026-01-30,2026-01-29,FI,Android,B,10,0
3,2026-01-17,2026-01-15,US,iOS,A,40,5
4,2026-01-11,2026-01-11,FI,iOS,A,49,10
4,2026-01-12,2026-01-11,FI,iOS,A,4,5
5,2026-01-08,2026-01-08,US,Android,A,15,5
5,2026-01-10,2026-01-08,US,Android,A,41,0
5,2026-01-14,2026-01-08,US,Android,A,3,5
6,2026-01-30,2026-01-29,DE,iOS,A,23,0
6,2026-01-31,2026-01-29,DE,iOS,A,43,0
7,2026-01-21,2026-01-21,US,Android,A,8,5
7,2026-01-26,2026-01-21,US,Android,A,48,0
7,2026-01-27,2026-01-21,US,Android,A,20,5
7,2026-01-28,2026-01-21,US,Android,A,16,0
8,2026-01-08,2026-01-07,US,iOS,B,38,0
9,2026-01-26,2026-01-26,IN,Android,A,37,5
9,2026-01-28,2026-01-26,IN,Android,A,30,0
10,2026-01-19,2026-01-19,FI,iOS,B,30,8
10,2026-01-20,2026-01-19,FI,iOS,B,28,0
10,2026-01-21,2026-01-19,FI,iOS,B,55,0
10,2026-01-23,2026-01-19,FI,iOS,B,4,0
10,2026-01-25,2026-01-19,FI,iOS,B,5,0
11,2026-01-26,2026-01-23,US,iOS,A,11,0
11,2026-01-29,2026-01-23,US,iOS,A,34,0
12,2026-01-11,2026-01-11,US,Android,B,26,0
12,2026-01-12,2026-01-11,US,Android,B,52,0
12,2026-01-13,2026-01-11,US,Android,B,47,0
13,2026-01-14,2026-01-11,IN,iOS,B,33,3
13,2026-01-16,2026-01-11,IN,iOS,B,35,3
14,2026-01-24,2026-01-24,IN,Android,B,20,3
14,2026-01-26,2026-01-24,IN,Android,B,3,3
14,2026-01-28,2026-01-24,IN,Android,B,15,8
14,2026-01-29,2026-01-24,IN,Android,B,53,8
17,2026-01-08,2026-01-08,DE,Android,B,34,3
17,2026-01-09,2026-01-08,DE,Android,B,35,0
17,2026-01-11,2026-01-08,DE,Android,B,20,0
17,2026-01-12,2026-01-08,DE,Android,B,24,0
17,2026-01-14,2026-01-08,DE,Android,B,57,0
19,2026-01-08,2026-01-03,DE,Android,B,56,8
20,2026-01-22,2026-01-22,FI,iOS,A,9,0
20,2026-01-24,2026-01-22,FI,iOS,A,11,10
20,2026-01-25,2026-01-22,FI,iOS,A,59,0
20,2026-01-26,2026-01-22,FI,iOS,A,4,5
21,2026-01-25,2026-01-21,FI,iOS,B,12,0
21,2026-01-26,2026-01-21,FI,iOS,B,46,0
21,2026-01-29,2026-01-21,FI,iOS,B,37,0
23,2026-01-31,2026-01-24,FI,Android,A,12,0
23,2026-02-01,2026-01-24,FI,Android,A,52,10
24,2026-01-16,2026-01-12,FI,Android,B,7,3
24,2026-01-17,2026-01-12,FI,Android,B,22,3
26,2026-01-07,2026-01-06,DE,iOS,A,38,0
26,2026-01-08,2026-01-06,DE,iOS,A,12,0
26,2026-01-10,2026-01-06,DE,iOS,A,42,0
27,2026-01-02,2026-01-02,FI,iOS,A,35,10
28,2026-01-29,2026-01-28,IN,iOS,A,8,0
28,2026-01-31,2026-01-28,IN,iOS,A,39,10
28,2026-02-02,2026-01-28,IN,iOS,A,42,0
29,2026-01-22,2026-01-21,US,Android,B,37,0
29,2026-01-24,2026-01-21,US,Android,B,51,0
30,2026-01-01,2026-01-01,FI,Android,B,46,8
30,2026-01-02,2026-01-01,FI,Android,B,44,0
30,2026-01-03,2026-01-01,FI,Android,B,8,8
31,2026-01-12,2026-01-12,IN,Android,A,48,0
31,2026-01-16,2026-01-12,IN,Android,A,27,10
32,2026-01-26,2026-01-26,US,iOS,B,20,0
32,2026-01-27,2026-01-26,US,iOS,B,4,0
32,2026-01-28,2026-01-26,US,iOS,B,18,8
32,2026-01-29,2026-01-26,US,iOS,B,28,3
32,2026-01-31,2026-01-26,US,iOS,B,51,0
33,2026-01-26,2026-01-22,FI,iOS,B,9,0
33,2026-01-27,2026-01-22,FI,iOS,B,3,3
34,2026-01-30,2026-01-29,FI,iOS,A,17,0
35,2026-01-12,2026-01-12,DE,Android,B,55,8
35,2026-01-13,2026-01-12,DE,Android,B,37,8
36,2026-01-31,2026-01-25,US,Android,A,53,0
36,2026-02-02,2026-01-25,US,Android,A,32,0
38,2026-01-28,2026-01-27,IN,Android,B,59,0
38,2026-01-29,2026-01-27,IN,Android,B,33,0
38,2026-01-30,2026-01-27,IN,Android,B,37,3
38,2026-01-31,2026-01-27,IN,Android,B,1,0
38,2026-02-02,2026-01-27,IN,Android,B,10,3
38,2026-02-03,2026-01-27,IN,Android,B,35,0
39,2026-01-27,2026-01-27,DE,iOS,B,5,0
40,2026-01-12,2026-01-10,DE,iOS,B,49,8
41,2026-01-30,2026-01-28,DE,Android,A,26,0
41,2026-01-31,2026-01-28,DE,Android,A,43,0
41,2026-02-01,2026-01-28,DE,Android,A,50,0
41,2026-02-02,2026-01-28,DE,Android,A,53,0
41,2026-02-04,2026-01-28,DE,Android,A,42,5
42,2026-02-01,2026-01-28,DE,iOS,A,59,5
43,2026-01-16,2026-01-16,US,Android,B,48,3
44,2026-01-15,2026-01-15,US,iOS,B,49,8
44,2026-01-19,2026-01-15,US,iOS,B,42,0
45,2026-01-30,2026-01-30,FI,Android,B,21,3
45,2026-01-31,2026-01-30,FI,Android,B,11,3
45,2026-02-01,2026-01-30,FI,Android,B,28,8
46,2026-01-30,2026-01-30,FI,Android,B,34,0
46,2026-01-31,2026-01-30,FI,Android,B,17,0
47,2026-01-15,2026-01-15,DE,Android,A,24,0
47,2026-01-18,2026-01-15,DE,Android,A,5,0
47,2026-01-21,2026-01-15,DE,Android,A,27,10
48,2026-02-01,2026-01-30,DE,iOS,B,11,3
48,2026-02-02,2026-01-30,DE,iOS,B,56,3
48,2026-02-03,2026-01-30,DE,iOS,B,58,3
50,2026-01-13,2026-01-12,FI,Android,A,38,0
50,2026-01-14,2026-01-12,FI,Android,A,24,0
51,2026-01-24,2026-01-23,IN,Android,B,28,0
52,2026-01-21,2026-01-20,IN,iOS,B,9,3
52,2026-01-22,2026-01-20,IN,iOS,B,17,0
52,2026-01-23,2026-01-20,IN,iOS,B,8,0
53,2026-01-25,2026-01-25,FI,iOS,B,5,8
53,2026-01-27,2026-01-25,FI,iOS,B,55,0
53,2026-01-28,2026-01-25,FI,iOS,B,29,0
54,2026-01-03,2026-01-03,FI,iOS,A,2,0
54,2026-01-04,2026-01-03,FI,iOS,A,56,0
54,2026-01-07,2026-01-03,FI,iOS,A,26,0
55,2026-01-05,2026-01-05,FI,Android,B,7,0
55,2026-01-09,2026-01-05,FI,Android,B,40,8
56,2026-01-20,2026-01-19,FI,iOS,B,9,0
56,2026-01-21,2026-01-19,FI,iOS,B,4,0
58,2026-01-21,2026-01-21,FI,Android,B,19,0
59,2026-01-09,2026-01-09,DE,iOS,A,55,0
60,2026-01-07,2026-01-07,DE,iOS,B,2,0
60,2026-01-08,2026-01-07,DE,iOS,B,47,3
60,2026-01-10,2026-01-07,DE,iOS,B,23,0
60,2026-01-11,2026-01-07,DE,iOS,B,39,8
62,2026-01-04,2026-01-04,DE,Android,B,19,8
62,2026-01-05,2026-01-04,DE,Android,B,25,0
62,2026-01-08,2026-01-04,DE,Android,B,36,3
63,2026-01-26,2026-01-25,FI,Android,B,28,3
63,2026-01-27,2026-01-25,FI,Android,B,15,3
63,2026-01-28,2026-01-25,FI,Android,B,23,0
64,2026-01-28,2026-01-28,IN,Android,A,34,0
64,2026-01-31,2026-01-28,IN,Android,A,49,0
64,2026-02-01,2026-01-28,IN,Android,A,58,10
64,2026-02-02,2026-01-28,IN,Android,A,32,0
64,2026-02-03,2026-01-28,IN,Android,A,50,0
65,2026-01-14,2026-01-14,US,Android,A,57,10
65,2026-01-17,2026-01-14,US,Android,A,9,0
66,2026-01-19,2026-01-18,FI,Android,B,49,3
67,2026-01-26,2026-01-26,US,Android,A,58,0
68,2026-01-10,2026-01-09,IN,Android,A,23,10
68,2026-01-17,2026-01-09,IN,Android,A,21,5
69,2026-01-28,2026-01-26,DE,iOS,A,54,5
70,2026-01-22,2026-01-21,IN,iOS,A,14,0
70,2026-01-23,2026-01-21,IN,iOS,A,7,0
70,2026-01-24,2026-01-21,IN,iOS,A,37,10
70,2026-01-27,2026-01-21,IN,iOS,A,38,0
71,2026-01-04,2026-01-02,FI,Android,B,24,3
72,2026-01-21,2026-01-20,DE,iOS,B,40,0
72,2026-01-23,2026-01-20,DE,iOS,B,35,8
72,2026-01-24,2026-01-20,DE,iOS,B,54,0
73,2026-01-29,2026-01-28,FI,iOS,A,38,0
73,2026-01-30,2026-01-28,FI,iOS,A,36,0
73,2026-01-31,2026-01-28,FI,iOS,A,3,0
74,2026-01-15,2026-01-15,DE,Android,A,43,0
75,2026-01-29,2026-01-28,US,iOS,A,17,5
75,2026-01-31,2026-01-28,US,iOS,A,53,0
76,2026-01-07,2026-01-07,US,iOS,A,6,10
76,2026-01-08,2026-01-07,US,iOS,A,55,0
76,2026-01-09,2026-01-07,US,iOS,A,57,5
76,2026-01-10,2026-01-07,US,iOS,A,43,10
76,2026-01-14,2026-01-07,US,iOS,A,11,0
77,2026-01-12,2026-01-12,US,iOS,B,22,0
77,2026-01-13,2026-01-12,US,iOS,B,3,8
77,2026-01-14,2026-01-12,US,iOS,B,34,0
77,2026-01-15,2026-01-12,US,iOS,B,15,3
77,2026-01-16,2026-01-12,US,iOS,B,26,3
78,2026-01-31,2026-01-29,IN,iOS,B,41,0
78,2026-02-01,2026-01-29,IN,iOS,B,44,0
79,2026-01-11,2026-01-08,FI,iOS,A,53,5
79,2026-01-12,2026-01-08,FI,iOS,A,28,0
79,2026-01-13,2026-01-08,FI,iOS,A,49,5
79,2026-01-14,2026-01-08,FI,iOS,A,54,5
79,2026-01-16,2026-01-08,FI,iOS,A,46,0
81,2026-01-05,2026-01-03,US,Android,A,50,0
83,2026-01-17,2026-01-17,US,iOS,A,29,5
85,2026-01-19,2026-01-18,IN,iOS,A,6,0
87,2026-01-04,2026-01-04,US,iOS,A,37,0
87,2026-01-06,2026-01-04,US,iOS,A,38,0
87,2026-01-08,2026-01-04,US,iOS,A,51,10
88,2026-01-03,2026-01-02,FI,iOS,B,42,3
90,2026-01-06,2026-01-06,US,Android,A,24,0
91,2026-01-26,2026-01-22,FI,iOS,A,28,0
92,2026-01-10,2026-01-10,US,Android,B,40,0
92,2026-01-13,2026-01-10,US,Android,B,27,0
92,2026-01-14,2026-01-10,US,Android,B,44,8
93,2026-01-04,2026-01-04,FI,iOS,A,56,0
94,2026-01-22,2026-01-22,DE,Android,B,20,3
94,2026-01-27,2026-01-22,DE,Android,B,18,8
94,2026-01-28,2026-01-22,DE,Android,B,20,8
95,2026-01-30,2026-01-29,DE,Android,B,58,0
96,2026-01-18,2026-01-18,IN,iOS,A,10,0
96,2026-01-19,2026-01-18,IN,iOS,A,41,10
96,2026-01-20,2026-01-18,IN,iOS,A,17,0
97,2026-02-01,2026-01-26,DE,Android,A,7,0
98,2026-01-15,2026-01-12,DE,iOS,A,8,0
99,2026-01-03,2026-01-02,DE,Android,B,46,0
99,2026-01-04,2026-01-02,DE,Android,B,58,0
100,2026-01-11,2026-01-10,US,iOS,A,27,10
100,2026-01-14,2026-01-10,US,iOS,A,4,0
102,2026-01-04,2026-01-04,DE,Android,B,45,8
102,2026-01-05,2026-01-04,DE,Android,B,53,0
102,2026-01-06,2026-01-04,DE,Android,B,57,3
102,2026-01-08,2026-01-04,DE,Android,B,10,8
102,2026-01-09,2026-01-04,DE,Android,B,3,0
102,2026-01-10,2026-01-04,DE,Android,B,4,3
102,2026-01-11,2026-01-04,DE,Android,B,51,3
103,2026-01-16,2026-01-14,IN,Android,A,37,0
103,2026-01-17,2026-01-14,IN,Android,A,51,0
103,2026-01-18,2026-01-14,IN,Android,A,59,5
103,2026-01-21,2026-01-14,IN,Android,A,21,0
103,2026-01-22,2026-01-14,IN,Android,A,55,0
105,2026-01-15,2026-01-15,DE,Android,A,4,5
105,2026-01-17,2026-01-15,DE,Android,A,37,0
105,2026-01-20,2026-01-15,DE,Android,A,41,0
106,2026-01-08,2026-01-08,FI,Android,A,39,0
106,2026-01-10,2026-01-08,FI,Android,A,58,10
106,2026-01-12,2026-01-08,FI,Android,A,59,0
106,2026-01-13,2026-01-08,FI,Android,A,13,5
108,2026-01-24,2026-01-23,IN,iOS,A,26,5
108,2026-01-27,2026-01-23,IN,iOS,A,19,0
108,2026-01-29,2026-01-23,IN,iOS,A,58,0
109,2026-01-28,2026-01-28,IN,Android,B,4,0
110,2026-01-27,2026-01-25,IN,iOS,B,1,8
110,2026-01-30,2026-01-25,IN,iOS,B,35,0
111,2026-01-30,2026-01-30,IN,iOS,B,4,3
111,2026-01-31,2026-01-30,IN,iOS,B,56,0
111,2026-02-02,2026-01-30,IN,iOS,B,14,0
111,2026-02-06,2026-01-30,IN,iOS,B,8,3
111,2026-02-07,2026-01-30,IN,iOS,B,12,8
112,2026-01-08,2026-01-08,IN,iOS,A,17,0
112,2026-01-12,2026-01-08,IN,iOS,A,33,0
113,2026-01-22,2026-01-21,US,Android,B,2,3
113,2026-01-26,2026-01-21,US,Android,B,23,0
114,2026-01-16,2026-01-16,DE,Android,B,10,0
114,2026-01-18,2026-01-16,DE,Android,B,29,0
114,2026-01-19,2026-01-16,DE,Android,B,6,0
114,2026-01-20,2026-01-16,DE,Android,B,41,8
114,2026-01-21,2026-01-16,DE,Android,B,20,0
114,2026-01-22,2026-01-16,DE,Android,B,49,3
114,2026-01-23,2026-01-16,DE,Android,B,3,0
115,2026-01-13,2026-01-13,IN,iOS,B,16,0
115,2026-01-14,2026-01-13,IN,iOS,B,10,0
116,2026-01-18,2026-01-18,DE,Android,B,29,3
116,2026-01-19,2026-01-18,DE,Android,B,54,3
116,2026-01-23,2026-01-18,DE,Android,B,34,0
116,2026-01-24,2026-01-18,DE,Android,B,27,0
117,2026-01-17,2026-01-15,DE,iOS,B,36,0
117,2026-01-21,2026-01-15,DE,iOS,B,10,8
118,2026-01-21,2026-01-21,US,Android,A,22,5
118,2026-01-25,2026-01-21,US,Android,A,4,0
119,2026-01-26,2026-01-24,IN,iOS,A,45,0
119,2026-01-28,2026-01-24,IN,iOS,A,38,0
119,2026-01-31,2026-01-24,IN,iOS,A,52,0
119,2026-02-01,2026-01-24,IN,iOS,A,25,5
120,2026-01-26,2026-01-26,FI,iOS,B,9,0
120,2026-01-27,2026-01-26,FI,iOS,B,56,3
121,2026-01-26,2026-01-25,US,Android,B,49,8
122,2026-01-28,2026-01-28,FI,iOS,B,52,0
122,2026-01-29,2026-01-28,FI,iOS,B,5,0
122,2026-01-30,2026-01-28,FI,iOS,B,40,0
122,2026-01-31,2026-01-28,FI,iOS,B,3,0
122,2026-02-03,2026-01-28,FI,iOS,B,55,0
124,2026-01-28,2026-01-28,DE,Android,A,10,0
124,2026-01-29,2026-01-28,DE,Android,A,27,0
124,2026-02-01,2026-01-28,DE,Android,A,43,0
124,2026-02-02,2026-01-28,DE,Android,A,28,0
125,2026-01-14,2026-01-13,US,iOS,B,58,0
125,2026-01-17,2026-01-13,US,iOS,B,50,3
125,2026-01-18,2026-01-13,US,iOS,B,15,3
125,2026-01-19,2026-01-13,US,iOS,B,22,0
126,2026-01-12,2026-01-09,US,iOS,A,28,0
127,2026-01-30,2026-01-29,FI,Android,A,57,0
127,2026-02-01,2026-01-29,FI,Android,A,29,10
128,2026-01-17,2026-01-15,IN,iOS,B,5,0
129,2026-01-16,2026-01-13,FI,iOS,A,58,5
130,2026-01-02,2026-01-01,US,iOS,A,32,10
130,2026-01-03,2026-01-01,US,iOS,A,42,0
130,2026-01-07,2026-01-01,US,iOS,A,9,0
131,2026-01-25,2026-01-25,FI,iOS,B,54,8
131,2026-01-30,2026-01-25,FI,iOS,B,22,0
131,2026-01-31,2026-01-25,FI,iOS,B,37,8
132,2026-01-07,2026-01-07,US,iOS,A,23,10
132,2026-01-08,2026-01-07,US,iOS,A,40,10
133,2026-01-09,2026-01-09,FI,Android,A,54,0
133,2026-01-10,2026-01-09,FI,Android,A,43,0
134,2026-01-24,2026-01-24,US,Android,B,10,3
134,2026-01-26,2026-01-24,US,Android,B,42,3
135,2026-01-01,2026-01-01,US,iOS,A,54,0
135,2026-01-02,2026-01-01,US,iOS,A,28,0
136,2026-01-12,2026-01-12,US,iOS,A,34,0
137,2026-01-09,2026-01-08,IN,iOS,B,47,8
137,2026-01-11,2026-01-08,IN,iOS,B,29,0
137,2026-01-13,2026-01-08,IN,iOS,B,26,0
138,2026-01-24,2026-01-24,FI,Android,B,49,8
139,2026-01-12,2026-01-11,FI,iOS,B,29,8
139,2026-01-13,2026-01-11,FI,iOS,B,26,3
139,2026-01-18,2026-01-11,FI,iOS,B,22,0
139,2026-01-19,2026-01-11,FI,iOS,B,51,0
140,2026-01-20,2026-01-19,FI,Android,A,2,0
140,2026-01-23,2026-01-19,FI,Android,A,30,0
141,2026-01-17,2026-01-17,US,Android,B,22,3
141,2026-01-18,2026-01-17,US,Android,B,40,3
142,2026-01-09,2026-01-08,FI,Android,A,2,10
143,2026-01-03,2026-01-03,FI,iOS,B,54,0
143,2026-01-05,2026-01-03,FI,iOS,B,52,0
146,2026-01-28,2026-01-27,US,Android,B,58,8
146,2026-01-30,2026-01-27,US,Android,B,32,0
146,2026-02-01,2026-01-27,US,Android,B,19,3
146,2026-02-03,2026-01-27,US,Android,B,9,3
146,2026-02-04,2026-01-27,US,Android,B,58,0
147,2026-01-06,2026-01-05,FI,iOS,B,26,3
147,2026-01-10,2026-01-05,FI,iOS,B,13,0
147,2026-01-11,2026-01-05,FI,iOS,B,8,0
148,2026-01-10,2026-01-10,US,Android,B,59,0
148,2026-01-11,2026-01-10,US,Android,B,12,0
148,2026-01-13,2026-01-10,US,Android,B,17,0
148,2026-01-15,2026-01-10,US,Android,B,26,0
148,2026-01-17,2026-01-10,US,Android,B,38,0
148,2026-01-18,2026-01-10,US,Android,B,38,0
150,2026-01-27,2026-01-26,US,Android,B,36,0
151,2026-01-13,2026-01-09,FI,iOS,B,8,0
151,2026-01-14,2026-01-09,FI,iOS,B,22,8
153,2026-01-07,2026-01-07,IN,iOS,B,46,0
153,2026-01-10,2026-01-07,IN,iOS,B,13,0
153,2026-01-12,2026-01-07,IN,iOS,B,54,8
154,2026-01-09,2026-01-09,FI,iOS,A,20,5
154,2026-01-10,2026-01-09,FI,iOS,A,31,0
154,2026-01-14,2026-01-09,FI,iOS,A,15,10
156,2026-01-14,2026-01-12,DE,Android,B,48,8
156,2026-01-15,2026-01-12,DE,Android,B,38,0
157,2026-01-02,2026-01-02,IN,iOS,B,15,0
157,2026-01-03,2026-01-02,IN,iOS,B,3,8
158,2026-01-01,2026-01-01,US,Android,A,29,0
158,2026-01-04,2026-01-01,US,Android,A,20,0
158,2026-01-06,2026-01-01,US,Android,A,34,5
158,2026-01-08,2026-01-01,US,Android,A,51,10
159,2026-01-17,2026-01-16,US,iOS,B,38,0
160,2026-01-23,2026-01-23,FI,iOS,B,54,0
160,2026-01-24,2026-01-23,FI,iOS,B,11,8
161,2026-01-23,2026-01-23,IN,Android,B,59,0
161,2026-01-25,2026-01-23,IN,Android,B,19,0
162,2026-02-03,2026-01-30,US,iOS,A,20,0
163,2026-01-29,2026-01-24,IN,iOS,A,37,0
163,2026-01-30,2026-01-24,IN,iOS,A,36,0
164,2026-01-07,2026-01-05,US,Android,B,26,0
164,2026-01-12,2026-01-05,US,Android,B,45,0
165,2026-01-03,2026-01-03,DE,iOS,A,53,0
165,2026-01-05,2026-01-03,DE,iOS,A,42,0
165,2026-01-10,2026-01-03,DE,iOS,A,20,5
166,2026-01-12,2026-01-12,US,iOS,B,12,0
166,2026-01-15,2026-01-12,US,iOS,B,46,0
166,2026-01-17,2026-01-12,US,iOS,B,58,0
166,2026-01-18,2026-01-12,US,iOS,B,50,0
167,2026-01-08,2026-01-08,IN,iOS,B,20,0
167,2026-01-10,2026-01-08,IN,iOS,B,8,3
167,2026-01-11,2026-01-08,IN,iOS,B,40,0
168,2026-01-22,2026-01-22,DE,iOS,B,56,3
168,2026-01-24,2026-01-22,DE,iOS,B,36,8
168,2026-01-25,2026-01-22,DE,iOS,B,36,8
168,2026-01-26,2026-01-22,DE,iOS,B,4,0
168,2026-01-27,2026-01-22,DE,iOS,B,24,0
169,2026-01-27,2026-01-27,DE,Android,B,10,0
169,2026-01-28,2026-01-27,DE,Android,B,23,0
169,2026-01-29,2026-01-27,DE,Android,B,31,0
169,2026-01-31,2026-01-27,DE,Android,B,56,0
170,2026-01-03,2026-01-03,DE,Android,B,25,0
170,2026-01-07,2026-01-03,DE,Android,B,55,8
170,2026-01-10,2026-01-03,DE,Android,B,27,8
170,2026-01-11,2026-01-03,DE,Android,B,16,0
171,2026-01-02,2026-01-01,IN,Android,B,35,0
171,2026-01-03,2026-01-01,IN,Android,B,39,3
171,2026-01-04,2026-01-01,IN,Android,B,32,8
172,2026-01-05,2026-01-03,FI,iOS,B,31,3
173,2026-01-05,2026-01-05,FI,iOS,A,56,5
173,2026-01-06,2026-01-05,FI,iOS,A,3,5
174,2026-01-17,2026-01-15,FI,Android,A,14,0
174,2026-01-20,2026-01-15,FI,Android,A,59,10
175,2026-01-14,2026-01-14,IN,iOS,A,25,0
175,2026-01-15,2026-01-14,IN,iOS,A,21,0
176,2026-01-03,2026-01-03,DE,iOS,A,52,10
176,2026-01-04,2026-01-03,DE,iOS,A,36,0
177,2026-01-01,2026-01-01,FI,iOS,A,17,0
178,2026-01-06,2026-01-05,IN,iOS,A,46,0
178,2026-01-07,2026-01-05,IN,iOS,A,59,10
178,2026-01-11,2026-01-05,IN,iOS,A,2,0
179,2026-01-27,2026-01-26,FI,Android,A,46,0
179,2026-01-28,2026-01-26,FI,Android,A,21,10
179,2026-01-29,2026-01-26,FI,Android,A,17,0
180,2026-01-23,2026-01-23,US,Android,B,52,0
181,2026-01-14,2026-01-14,FI,Android,B,32,3
182,2026-01-08,2026-01-07,FI,iOS,B,12,0
182,2026-01-10,2026-01-07,FI,iOS,B,51,0
182,2026-01-13,2026-01-07,FI,iOS,B,58,8
183,2026-01-27,2026-01-27,DE,Android,B,50,8
183,2026-01-29,2026-01-27,DE,Android,B,8,0
183,2026-01-30,2026-01-27,DE,Android,B,51,0
183,2026-01-31,2026-01-27,DE,Android,B,21,0
183,2026-02-01,2026-01-27,DE,Android,B,40,0
184,2026-01-10,2026-01-09,IN,Android,A,2,10
184,2026-01-13,2026-01-09,IN,Android,A,43,5
185,2026-01-17,2026-01-15,DE,iOS,A,46,0
185,2026-01-18,2026-01-15,DE,iOS,A,35,0
186,2026-01-15,2026-01-15,DE,iOS,B,48,0
187,2026-01-27,2026-01-26,DE,Android,B,38,3
187,2026-01-28,2026-01-26,DE,Android,B,47,3
187,2026-01-29,2026-01-26,DE,Android,B,55,8
187,2026-01-30,2026-01-26,DE,Android,B,34,0
187,2026-01-31,2026-01-26,DE,Android,B,54,0
188,2026-01-14,2026-01-10,DE,Android,A,15,0
188,2026-01-15,2026-01-10,DE,Android,A,53,5
190,2026-01-13,2026-01-13,FI,Android,B,48,0
190,2026-01-14,2026-01-13,FI,Android,B,2,0
190,2026-01-15,2026-01-13,FI,Android,B,25,3
190,2026-01-17,2026-01-13,FI,Android,B,33,3
190,2026-01-18,2026-01-13,FI,Android,B,15,0
190,2026-01-19,2026-01-13,FI,Android,B,52,0
191,2026-01-20,2026-01-19,DE,iOS,B,6,0
191,2026-01-21,2026-01-19,DE,iOS,B,44,3
191,2026-01-23,2026-01-19,DE,iOS,B,35,0
192,2026-01-07,2026-01-07,DE,Android,B,25,3
192,2026-01-08,2026-01-07,DE,Android,B,55,0
192,2026-01-10,2026-01-07,DE,Android,B,45,8
192,2026-01-11,2026-01-07,DE,Android,B,56,0
192,2026-01-13,2026-01-07,DE,Android,B,9,0
194,2026-01-22,2026-01-20,US,iOS,B,26,8
195,2026-01-29,2026-01-29,FI,Android,B,54,3
195,2026-01-31,2026-01-29,FI,Android,B,31,0
195,2026-02-01,2026-01-29,FI,Android,B,47,0
195,2026-02-02,2026-01-29,FI,Android,B,52,0
195,2026-02-04,2026-01-29,FI,Android,B,40,8
196,2026-01-04,2026-01-04,FI,iOS,A,42,0
197,2026-01-31,2026-01-30,FI,iOS,A,35,10
197,2026-02-02,2026-01-30,FI,iOS,A,17,0
199,2026-01-24,2026-01-23,DE,Android,A,8,10
199,2026-01-28,2026-01-23,DE,Android,A,56,0
200,2026-01-08,2026-01-07,DE,Android,B,23,0
200,2026-01-11,2026-01-07,DE,Android,B,6,0
201,2026-01-13,2026-01-13,IN,iOS,B,57,8
201,2026-01-14,2026-01-13,IN,iOS,B,44,0
202,2026-01-15,2026-01-15,US,Android,A,19,5
203,2026-01-11,2026-01-11,DE,Android,B,17,0
203,2026-01-13,2026-01-11,DE,Android,B,36,8
203,2026-01-16,2026-01-11,DE,Android,B,15,3
203,2026-01-18,2026-01-11,DE,Android,B,16,3
204,2026-01-30,2026-01-29,US,iOS,B,24,0
205,2026-01-04,2026-01-04,IN,iOS,B,2,3
205,2026-01-08,2026-01-04,IN,iOS,B,10,0
205,2026-01-09,2026-01-04,IN,iOS,B,53,8
205,2026-01-10,2026-01-04,IN,iOS,B,34,0
206,2026-01-14,2026-01-13,FI,Android,B,44,3
206,2026-01-17,2026-01-13,FI,Android,B,15,0
207,2026-01-08,2026-01-07,DE,iOS,A,56,0
208,2026-01-27,2026-01-27,US,Android,A,17,0
208,2026-01-28,2026-01-27,US,Android,A,32,0
209,2026-01-19,2026-01-19,US,Android,B,59,0
209,2026-01-20,2026-01-19,US,Android,B,12,0
209,2026-01-21,2026-01-19,US,Android,B,59,0
209,2026-01-22,2026-01-19,US,Android,B,10,0
209,2026-01-24,2026-01-19,US,Android,B,52,0
209,2026-01-25,2026-01-19,US,Android,B,45,0
210,2026-01-23,2026-01-22,DE,Android,A,41,0
210,2026-01-26,2026-01-22,DE,Android,A,35,0
210,2026-01-27,2026-01-22,DE,Android,A,21,10
210,2026-01-28,2026-01-22,DE,Android,A,17,0
211,2026-01-28,2026-01-28,FI,Android,B,16,0
211,2026-01-29,2026-01-28,FI,Android,B,35,8
211,2026-02-02,2026-01-28,FI,Android,B,47,0
212,2026-01-04,2026-01-02,FI,iOS,B,27,3
212,2026-01-05,2026-01-02,FI,iOS,B,43,0
213,2026-01-10,2026-01-10,FI,iOS,B,21,8
214,2026-01-13,2026-01-13,IN,iOS,B,29,3
214,2026-01-14,2026-01-13,IN,iOS,B,23,0
215,2026-01-31,2026-01-30,US,iOS,B,47,3
215,2026-02-01,2026-01-30,US,iOS,B,42,8
216,2026-01-27,2026-01-25,US,Android,A,2,0
216,2026-01-28,2026-01-25,US,Android,A,36,10
217,2026-01-22,2026-01-21,US,Android,B,54,8
217,2026-01-23,2026-01-21,US,Android,B,52,3
218,2026-01-06,2026-01-06,IN,iOS,A,51,0
219,2026-01-30,2026-01-28,US,Android,A,20,0
219,2026-01-31,2026-01-28,US,Android,A,58,5
220,2026-01-28,2026-01-28,IN,Android,B,9,0
222,2026-01-14,2026-01-12,DE,iOS,B,10,0
223,2026-01-20,2026-01-20,US,iOS,B,17,8
223,2026-01-21,2026-01-20,US,iOS,B,24,0
224,2026-01-30,2026-01-30,US,iOS,B,7,0
224,2026-02-01,2026-01-30,US,iOS,B,17,0
224,2026-02-02,2026-01-30,US,iOS,B,32,0
225,2026-01-31,2026-01-30,FI,Android,A,11,0
225,2026-02-03,2026-01-30,FI,Android,A,42,0
226,2026-01-11,2026-01-11,DE,iOS,B,38,3
226,2026-01-13,2026-01-11,DE,iOS,B,42,0
226,2026-01-16,2026-01-11,DE,iOS,B,37,8
227,2026-01-26,2026-01-26,IN,iOS,B,50,0
227,2026-01-27,2026-01-26,IN,iOS,B,16,0
227,2026-01-28,2026-01-26,IN,iOS,B,25,0
227,2026-01-29,2026-01-26,IN,iOS,B,9,3
227,2026-01-30,2026-01-26,IN,iOS,B,10,0
227,2026-01-31,2026-01-26,IN,iOS,B,20,3
229,2026-01-31,2026-01-28,FI,iOS,A,15,5
229,2026-02-02,2026-01-28,FI,iOS,A,39,10
229,2026-02-03,2026-01-28,FI,iOS,A,14,10
230,2026-01-26,2026-01-25,FI,iOS,B,56,3
233,2026-01-02,2026-01-01,IN,Android,A,32,10
233,2026-01-03,2026-01-01,IN,Android,A,59,10
234,2026-01-01,2026-01-01,US,iOS,A,39,5
234,2026-01-02,2026-01-01,US,iOS,A,45,10
234,2026-01-03,2026-01-01,US,iOS,A,32,5
234,2026-01-07,2026-01-01,US,iOS,A,27,5
235,2026-01-25,2026-01-25,IN,iOS,B,35,0
236,2026-01-27,2026-01-27,DE,Android,A,23,10
237,2026-02-01,2026-01-30,FI,Android,A,2,10
237,2026-02-03,2026-01-30,FI,Android,A,8,0
237,2026-02-04,2026-01-30,FI,Android,A,23,0
238,2026-01-29,2026-01-25,US,iOS,A,47,0
239,2026-01-21,2026-01-20,US,iOS,A,51,0
239,2026-01-23,2026-01-20,US,iOS,A,27,5
241,2026-01-09,2026-01-09,IN,iOS,A,43,10
241,2026-01-12,2026-01-09,IN,iOS,A,47,10
241,2026-01-14,2026-01-09,IN,iOS,A,8,5
242,2026-01-04,2026-01-03,FI,Android,B,26,0
242,2026-01-05,2026-01-03,FI,Android,B,9,3
242,2026-01-09,2026-01-03,FI,Android,B,55,0
243,2026-01-08,2026-01-07,IN,iOS,B,6,3
243,2026-01-09,2026-01-07,IN,iOS,B,42,3
244,2026-01-07,2026-01-06,FI,iOS,A,39,10
244,2026-01-11,2026-01-06,FI,iOS,A,51,10
245,2026-01-08,2026-01-08,DE,iOS,B,24,0
245,2026-01-11,2026-01-08,DE,iOS,B,52,3
245,2026-01-12,2026-01-08,DE,iOS,B,49,0
246,2026-01-29,2026-01-27,IN,iOS,B,43,0
246,2026-01-30,2026-01-27,IN,iOS,B,54,8
246,2026-01-31,2026-01-27,IN,iOS,B,36,0
247,2026-01-09,2026-01-09,DE,Android,B,46,3
248,2026-01-31,2026-01-30,US,Android,A,59,10
248,2026-02-03,2026-01-30,US,Android,A,23,0
249,2026-01-05,2026-01-05,FI,Android,B,57,8
249,2026-01-06,2026-01-05,FI,Android,B,27,3
249,2026-01-07,2026-01-05,FI,Android,B,44,8
249,2026-01-09,2026-01-05,FI,Android,B,4,0
249,2026-01-11,2026-01-05,FI,Android,B,7,0
250,2026-01-03,2026-01-01,US,iOS,A,27,0
250,2026-01-04,2026-01-01,US,iOS,A,29,0
250,2026-01-05,2026-01-01,US,iOS,A,59,5
250,2026-01-08,2026-01-01,US,iOS,A,48,0
251,2026-01-19,2026-01-19,US,iOS,B,22,0
251,2026-01-22,2026-01-19,US,iOS,B,26,8
252,2026-01-11,2026-01-10,US,Android,A,26,0
252,2026-01-12,2026-01-10,US,Android,A,6,5
252,2026-01-13,2026-01-10,US,Android,A,22,0
253,2026-01-13,2026-01-12,US,iOS,A,12,0
253,2026-01-14,2026-01-12,US,iOS,A,54,10
253,2026-01-15,2026-01-12,US,iOS,A,29,0
253,2026-01-17,2026-01-12,US,iOS,A,2,5
253,2026-01-18,2026-01-12,US,iOS,A,44,0
254,2026-01-24,2026-01-24,FI,iOS,B,33,3
254,2026-01-25,2026-01-24,FI,iOS,B,58,0
254,2026-01-28,2026-01-24,FI,iOS,B,29,0
255,2026-01-15,2026-01-15,US,Android,B,55,0
255,2026-01-16,2026-01-15,US,Android,B,59,3
255,2026-01-17,2026-01-15,US,Android,B,51,0
255,2026-01-19,2026-01-15,US,Android,B,32,8
256,2026-01-28,2026-01-27,FI,Android,A,39,0
256,2026-01-29,2026-01-27,FI,Android,A,29,0
256,2026-01-30,2026-01-27,FI,Android,A,19,0
256,2026-01-31,2026-01-27,FI,Android,A,15,0
257,2026-01-22,2026-01-22,FI,Android,B,38,8
257,2026-01-25,2026-01-22,FI,Android,B,58,3
257,2026-01-26,2026-01-22,FI,Android,B,51,8
257,2026-01-27,2026-01-22,FI,Android,B,8,8
259,2026-01-14,2026-01-09,IN,iOS,B,10,0
259,2026-01-16,2026-01-09,IN,iOS,B,49,0
260,2026-01-20,2026-01-20,IN,iOS,A,26,0
260,2026-01-21,2026-01-20,IN,iOS,A,23,0
260,2026-01-24,2026-01-20,IN,iOS,A,13,0
260,2026-01-26,2026-01-20,IN,iOS,A,57,5
261,2026-01-18,2026-01-17,FI,Android,A,33,5
261,2026-01-19,2026-01-17,FI,Android,A,34,0
261,2026-01-23,2026-01-17,FI,Android,A,45,10
261,2026-01-24,2026-01-17,FI,Android,A,20,0
262,2026-01-31,2026-01-30,DE,iOS,B,47,3
264,2026-01-27,2026-01-26,FI,Android,B,46,8
264,2026-01-28,2026-01-26,FI,Android,B,41,0
265,2026-01-22,2026-01-20,FI,iOS,A,19,0
266,2026-01-12,2026-01-12,DE,Android,A,59,0
266,2026-01-16,2026-01-12,DE,Android,A,26,0
266,2026-01-17,2026-01-12,DE,Android,A,35,10
267,2026-01-30,2026-01-30,IN,iOS,B,28,0
267,2026-01-31,2026-01-30,IN,iOS,B,46,3
267,2026-02-03,2026-01-30,IN,iOS,B,21,0
267,2026-02-04,2026-01-30,IN,iOS,B,6,0
268,2026-01-07,2026-01-07,DE,iOS,B,23,8
268,2026-01-10,2026-01-07,DE,iOS,B,57,0
268,2026-01-12,2026-01-07,DE,iOS,B,51,0
268,2026-01-13,2026-01-07,DE,iOS,B,50,3
269,2026-01-02,2026-01-02,US,iOS,B,53,8
269,2026-01-03,2026-01-02,US,iOS,B,21,0
269,2026-01-05,2026-01-02,US,iOS,B,49,3
269,2026-01-06,2026-01-02,US,iOS,B,53,3
270,2026-01-03,2026-01-03,DE,iOS,B,58,0
270,2026-01-04,2026-01-03,DE,iOS,B,11,0
270,2026-01-05,2026-01-03,DE,iOS,B,6,8
270,2026-01-06,2026-01-03,DE,iOS,B,2,0
270,2026-01-07,2026-01-03,DE,iOS,B,35,0
270,2026-01-08,2026-01-03,DE,iOS,B,18,0
270,2026-01-09,2026-01-03,DE,iOS,B,24,8
270,2026-01-10,2026-01-03,DE,iOS,B,1,3
270,2026-01-11,2026-01-03,DE,iOS,B,49,3
272,2026-01-07,2026-01-05,DE,iOS,B,9,0
273,2026-01-17,2026-01-17,DE,Android,A,16,5
273,2026-01-19,2026-01-17,DE,Android,A,25,10
274,2026-01-25,2026-01-24,IN,Android,B,41,0
274,2026-01-26,2026-01-24,IN,Android,B,42,0
274,2026-01-28,2026-01-24,IN,Android,B,24,3
274,2026-01-29,2026-01-24,IN,Android,B,31,3
275,2026-01-20,2026-01-17,US,Android,A,35,0
276,2026-01-28,2026-01-27,IN,Android,B,45,0
277,2026-01-18,2026-01-17,IN,iOS,B,46,0
277,2026-01-19,2026-01-17,IN,iOS,B,11,0
277,2026-01-21,2026-01-17,IN,iOS,B,36,8
277,2026-01-23,2026-01-17,IN,iOS,B,56,0
277,2026-01-25,2026-01-17,IN,iOS,B,56,3
278,2026-01-04,2026-01-02,DE,iOS,A,29,0
279,2026-01-02,2026-01-02,FI,Android,A,2,0
279,2026-01-05,2026-01-02,FI,Android,A,6,0
279,2026-01-06,2026-01-02,FI,Android,A,18,0
280,2026-01-28,2026-01-28,FI,Android,A,19,0
280,2026-01-29,2026-01-28,FI,Android,A,25,5
281,2026-01-22,2026-01-22,IN,iOS,A,19,5
281,2026-01-23,2026-01-22,IN,iOS,A,19,0
281,2026-01-24,2026-01-22,IN,iOS,A,47,0
281,2026-01-25,2026-01-22,IN,iOS,A,28,5
282,2026-01-25,2026-01-23,IN,Android,B,24,0
282,2026-01-28,2026-01-23,IN,Android,B,17,0
283,2026-01-05,2026-01-05,DE,iOS,A,28,0
283,2026-01-06,2026-01-05,DE,iOS,A,14,0
284,2026-01-02,2026-01-01,IN,Android,B,59,0
284,2026-01-04,2026-01-01,IN,Android,B,59,0
285,2026-01-02,2026-01-01,DE,iOS,A,59,0
285,2026-01-03,2026-01-01,DE,iOS,A,40,0
285,2026-01-05,2026-01-01,DE,iOS,A,7,5
285,2026-01-06,2026-01-01,DE,iOS,A,59,0
286,2026-01-20,2026-01-19,FI,Android,B,17,0
287,2026-01-31,2026-01-30,FI,Android,B,52,8
288,2026-01-02,2026-01-02,US,iOS,B,52,0
289,2026-01-21,2026-01-21,FI,Android,B,50,0
290,2026-01-12,2026-01-12,IN,Android,B,15,0
290,2026-01-15,2026-01-12,IN,Android,B,40,8
291,2026-01-28,2026-01-26,FI,iOS,B,44,0
291,2026-01-29,2026-01-26,FI,iOS,B,18,8
292,2026-01-08,2026-01-06,DE,Android,A,8,0
292,2026-01-09,2026-01-06,DE,Android,A,17,10
293,2026-01-23,2026-01-23,FI,iOS,B,22,0
293,2026-01-27,2026-01-23,FI,iOS,B,16,0
294,2026-01-06,2026-01-04,US,iOS,A,6,0
294,2026-01-10,2026-01-04,US,iOS,A,41,10
295,2026-01-25,2026-01-23,FI,Android,A,43,5
295,2026-01-27,2026-01-23,FI,Android,A,34,10
295,2026-01-28,2026-01-23,FI,Android,A,46,0
297,2026-01-25,2026-01-24,DE,Android,A,43,0
298,2026-01-29,2026-01-27,IN,Android,B,34,0
298,2026-01-30,2026-01-27,IN,Android,B,56,0
298,2026-01-31,2026-01-27,IN,Android,B,18,8
299,2026-01-18,2026-01-17,FI,Android,A,58,0
300,2026-01-07,2026-01-06,DE,Android,B,42,0
301,2026-01-25,2026-01-24,US,Android,A,26,0
301,2026-01-26,2026-01-24,US,Android,A,12,0
301,2026-01-27,2026-01-24,US,Android,A,51,5
302,2026-01-05,2026-01-05,IN,iOS,B,8,0
302,2026-01-07,2026-01-05,IN,iOS,B,47,0
302,2026-01-08,2026-01-05,IN,iOS,B,57,3
302,2026-01-09,2026-01-05,IN,iOS,B,30,8
302,2026-01-12,2026-01-05,IN,iOS,B,41,0
303,2026-01-21,2026-01-20,US,Android,B,18,0
304,2026-01-02,2026-01-02,FI,iOS,B,23,0
305,2026-01-06,2026-01-06,FI,Android,B,56,0
305,2026-01-07,2026-01-06,FI,Android,B,34,0
305,2026-01-09,2026-01-06,FI,Android,B,21,8
305,2026-01-10,2026-01-06,FI,Android,B,1,0
305,2026-01-11,2026-01-06,FI,Android,B,21,8
305,2026-01-12,2026-01-06,FI,Android,B,59,8
305,2026-01-13,2026-01-06,FI,Android,B,26,3
309,2026-01-17,2026-01-16,IN,Android,A,17,10
310,2026-01-03,2026-01-01,US,iOS,A,53,0
310,2026-01-04,2026-01-01,US,iOS,A,18,10
310,2026-01-05,2026-01-01,US,iOS,A,23,0
310,2026-01-06,2026-01-01,US,iOS,A,15,5
311,2026-01-09,2026-01-09,IN,Android,B,45,0
314,2026-01-09,2026-01-06,DE,iOS,A,1,10
314,2026-01-10,2026-01-06,DE,iOS,A,32,0
314,2026-01-11,2026-01-06,DE,iOS,A,34,5
315,2026-01-16,2026-01-16,US,Android,B,51,0
317,2026-01-03,2026-01-03,FI,Android,A,59,0
318,2026-01-20,2026-01-20,IN,Android,B,50,8
318,2026-01-21,2026-01-20,IN,Android,B,23,3
319,2026-01-28,2026-01-28,FI,iOS,B,26,0
319,2026-01-31,2026-01-28,FI,iOS,B,53,0
319,2026-02-01,2026-01-28,FI,iOS,B,40,0
319,2026-02-02,2026-01-28,FI,iOS,B,37,0
320,2026-01-27,2026-01-27,US,iOS,A,24,0
320,2026-01-28,2026-01-27,US,iOS,A,17,10
321,2026-01-05,2026-01-04,FI,Android,A,11,10
322,2026-01-19,2026-01-19,DE,Android,B,29,0
322,2026-01-21,2026-01-19,DE,Android,B,48,3
322,2026-01-23,2026-01-19,DE,Android,B,9,0
324,2026-01-03,2026-01-03,IN,iOS,B,27,3
324,2026-01-04,2026-01-03,IN,iOS,B,19,0
324,2026-01-06,2026-01-03,IN,iOS,B,26,3
324,2026-01-09,2026-01-03,IN,iOS,B,33,0
324,2026-01-11,2026-01-03,IN,iOS,B,12,0
325,2026-01-19,2026-01-19,US,Android,B,43,0
325,2026-01-21,2026-01-19,US,Android,B,52,3
326,2026-01-20,2026-01-20,DE,iOS,B,10,0
327,2026-01-08,2026-01-07,DE,Android,B,16,3
327,2026-01-09,2026-01-07,DE,Android,B,41,0
327,2026-01-10,2026-01-07,DE,Android,B,14,0
327,2026-01-12,2026-01-07,DE,Android,B,3,3
327,2026-01-14,2026-01-07,DE,Android,B,2,3
330,2026-01-05,2026-01-01,FI,iOS,A,42,0
330,2026-01-06,2026-01-01,FI,iOS,A,13,0
332,2026-01-07,2026-01-07,FI,Android,B,19,0
332,2026-01-10,2026-01-07,FI,Android,B,36,0
333,2026-01-20,2026-01-18,US,iOS,B,7,0
333,2026-01-21,2026-01-18,US,iOS,B,27,8
334,2026-01-10,2026-01-08,DE,iOS,B,3,0
335,2026-01-02,2026-01-01,FI,Android,A,17,0
335,2026-01-03,2026-01-01,FI,Android,A,21,0
336,2026-01-12,2026-01-11,IN,iOS,B,41,0
336,2026-01-14,2026-01-11,IN,iOS,B,31,0
336,2026-01-15,2026-01-11,IN,iOS,B,39,3
336,2026-01-16,2026-01-11,IN,iOS,B,34,0
338,2026-01-25,2026-01-25,US,Android,B,51,0
339,2026-01-25,2026-01-25,IN,iOS,B,58,0
339,2026-01-26,2026-01-25,IN,iOS,B,36,0
339,2026-01-28,2026-01-25,IN,iOS,B,36,8
339,2026-01-29,2026-01-25,IN,iOS,B,14,0
339,2026-01-30,2026-01-25,IN,iOS,B,21,3
339,2026-01-31,2026-01-25,IN,iOS,B,39,3
341,2026-01-23,2026-01-23,IN,Android,A,44,5
341,2026-01-25,2026-01-23,IN,Android,A,6,0
341,2026-01-27,2026-01-23,IN,Android,A,51,0
342,2026-02-01,2026-01-30,US,Android,B,24,0
342,2026-02-02,2026-01-30,US,Android,B,56,3
342,2026-02-03,2026-01-30,US,Android,B,32,3
343,2026-01-11,2026-01-10,DE,Android,B,26,0
343,2026-01-12,2026-01-10,DE,Android,B,34,0
343,2026-01-13,2026-01-10,DE,Android,B,23,8
343,2026-01-17,2026-01-10,DE,Android,B,47,0
343,2026-01-18,2026-01-10,DE,Android,B,20,0
344,2026-01-05,2026-01-03,US,iOS,B,24,8
345,2026-01-07,2026-01-07,US,Android,A,52,0
346,2026-01-31,2026-01-28,US,iOS,A,58,0
346,2026-02-01,2026-01-28,US,iOS,A,1,5
346,2026-02-03,2026-01-28,US,iOS,A,8,0
347,2026-01-16,2026-01-16,US,iOS,A,54,10
347,2026-01-17,2026-01-16,US,iOS,A,3,0
347,2026-01-19,2026-01-16,US,iOS,A,12,0
347,2026-01-20,2026-01-16,US,iOS,A,28,0
348,2026-01-27,2026-01-26,DE,iOS,A,37,0
348,2026-01-29,2026-01-26,DE,iOS,A,23,5
349,2026-01-17,2026-01-16,DE,iOS,A,52,10
349,2026-01-18,2026-01-16,DE,iOS,A,46,0
350,2026-01-27,2026-01-25,IN,iOS,A,48,5
350,2026-01-30,2026-01-25,IN,iOS,A,26,10
350,2026-01-31,2026-01-25,IN,iOS,A,29,10
352,2026-01-28,2026-01-28,DE,iOS,B,59,8
352,2026-02-01,2026-01-28,DE,iOS,B,44,3
352,2026-02-02,2026-01-28,DE,iOS,B,48,0
352,2026-02-03,2026-01-28,DE,iOS,B,12,8
353,2026-01-18,2026-01-17,DE,iOS,A,34,0
353,2026-01-22,2026-01-17,DE,iOS,A,42,5
354,2026-01-02,2026-01-02,FI,iOS,B,56,0
354,2026-01-05,2026-01-02,FI,iOS,B,57,8
354,2026-01-06,2026-01-02,FI,iOS,B,54,0
355,2026-01-05,2026-01-01,DE,iOS,B,36,8
355,2026-01-06,2026-01-01,DE,iOS,B,53,0
356,2026-01-18,2026-01-16,US,Android,A,14,5
357,2026-01-30,2026-01-30,US,Android,B,50,3
357,2026-01-31,2026-01-30,US,Android,B,12,3
357,2026-02-01,2026-01-30,US,Android,B,42,0
357,2026-02-02,2026-01-30,US,Android,B,26,0
357,2026-02-03,2026-01-30,US,Android,B,27,0
357,2026-02-06,2026-01-30,US,Android,B,38,3
358,2026-01-13,2026-01-12,FI,Android,A,49,0
358,2026-01-17,2026-01-12,FI,Android,A,57,10
360,2026-01-05,2026-01-05,IN,Android,B,21,3
361,2026-01-27,2026-01-27,FI,Android,A,20,5
361,2026-01-28,2026-01-27,FI,Android,A,21,0
361,2026-01-31,2026-01-27,FI,Android,A,18,5
361,2026-02-01,2026-01-27,FI,Android,A,52,0
362,2026-01-23,2026-01-23,FI,Android,A,53,5
362,2026-01-24,2026-01-23,FI,Android,A,2,10
362,2026-01-25,2026-01-23,FI,Android,A,32,0
362,2026-01-26,2026-01-23,FI,Android,A,39,10
362,2026-01-28,2026-01-23,FI,Android,A,27,5
363,2026-01-09,2026-01-09,US,iOS,A,28,0
363,2026-01-10,2026-01-09,US,iOS,A,21,10
363,2026-01-11,2026-01-09,US,iOS,A,17,10
363,2026-01-12,2026-01-09,US,iOS,A,31,5
364,2026-01-10,2026-01-09,IN,iOS,A,50,0
364,2026-01-11,2026-01-09,IN,iOS,A,56,0
365,2026-01-07,2026-01-03,DE,iOS,A,46,5
366,2026-01-20,2026-01-19,US,iOS,A,21,0
366,2026-01-21,2026-01-19,US,iOS,A,57,10
367,2026-01-16,2026-01-16,FI,Android,A,40,0
367,2026-01-18,2026-01-16,FI,Android,A,45,5
367,2026-01-19,2026-01-16,FI,Android,A,45,0
367,2026-01-20,2026-01-16,FI,Android,A,55,0
368,2026-01-18,2026-01-16,IN,Android,A,2,0
368,2026-01-20,2026-01-16,IN,Android,A,42,0
369,2026-01-04,2026-01-03,DE,Android,B,2,3
369,2026-01-06,2026-01-03,DE,Android,B,18,8
370,2026-01-22,2026-01-20,DE,Android,B,45,3
370,2026-01-25,2026-01-20,DE,Android,B,24,8
371,2026-01-24,2026-01-24,US,iOS,B,24,8
371,2026-01-28,2026-01-24,US,iOS,B,24,0
371,2026-01-29,2026-01-24,US,iOS,B,17,0
371,2026-01-30,2026-01-24,US,iOS,B,9,3
371,2026-01-31,2026-01-24,US,iOS,B,35,0
371,2026-02-01,2026-01-24,US,iOS,B,12,3
372,2026-01-22,2026-01-22,IN,iOS,A,45,0
373,2026-01-29,2026-01-24,IN,iOS,A,29,0
374,2026-01-03,2026-01-01,FI,Android,B,38,0
374,2026-01-04,2026-01-01,FI,Android,B,59,0
374,2026-01-05,2026-01-01,FI,Android,B,51,0
375,2026-01-25,2026-01-24,IN,iOS,B,28,3
375,2026-01-26,2026-01-24,IN,iOS,B,14,3
375,2026-01-27,2026-01-24,IN,iOS,B,55,3
376,2026-01-20,2026-01-20,IN,iOS,B,7,0
376,2026-01-21,2026-01-20,IN,iOS,B,42,8
376,2026-01-23,2026-01-20,IN,iOS,B,12,0
377,2026-01-14,2026-01-11,US,Android,A,55,0
377,2026-01-15,2026-01-11,US,Android,A,38,10
377,2026-01-17,2026-01-11,US,Android,A,44,0
378,2026-01-17,2026-01-17,IN,Android,B,3,0
378,2026-01-18,2026-01-17,IN,Android,B,10,0
378,2026-01-19,2026-01-17,IN,Android,B,12,8
378,2026-01-20,2026-01-17,IN,Android,B,7,8
379,2026-01-08,2026-01-08,DE,iOS,B,24,0
379,2026-01-09,2026-01-08,DE,iOS,B,19,8
379,2026-01-11,2026-01-08,DE,iOS,B,13,0
380,2026-01-04,2026-01-04,US,iOS,A,4,0
380,2026-01-07,2026-01-04,US,iOS,A,48,0
380,2026-01-08,2026-01-04,US,iOS,A,44,0
381,2026-01-06,2026-01-06,US,iOS,B,46,8
381,2026-01-07,2026-01-06,US,iOS,B,17,3
381,2026-01-08,2026-01-06,US,iOS,B,35,0
381,2026-01-10,2026-01-06,US,iOS,B,52,0
381,2026-01-11,2026-01-06,US,iOS,B,43,0
381,2026-01-13,2026-01-06,US,iOS,B,55,0
383,2026-01-21,2026-01-20,IN,iOS,A,53,10
383,2026-01-24,2026-01-20,IN,iOS,A,40,10
383,2026-01-25,2026-01-20,IN,iOS,A,56,10
384,2026-01-30,2026-01-30,FI,iOS,A,10,0
384,2026-02-02,2026-01-30,FI,iOS,A,45,10
384,2026-02-03,2026-01-30,FI,iOS,A,41,5
384,2026-02-04,2026-01-30,FI,iOS,A,50,0
385,2026-01-06,2026-01-03,DE,Android,B,6,0
385,2026-01-09,2026-01-03,DE,Android,B,49,8
386,2026-01-18,2026-01-16,US,Android,B,47,8
386,2026-01-19,2026-01-16,US,Android,B,38,8
386,2026-01-21,2026-01-16,US,Android,B,10,0
386,2026-01-22,2026-01-16,US,Android,B,44,0
386,2026-01-23,2026-01-16,US,Android,B,16,0
388,2026-01-25,2026-01-25,US,iOS,B,5,3
388,2026-01-29,2026-01-25,US,iOS,B,58,8
388,2026-01-30,2026-01-25,US,iOS,B,7,0
388,2026-02-01,2026-01-25,US,iOS,B,5,3
389,2026-01-04,2026-01-03,DE,Android,B,58,0
389,2026-01-05,2026-01-03,DE,Android,B,3,8
390,2026-01-27,2026-01-25,DE,iOS,B,33,8
390,2026-01-28,2026-01-25,DE,iOS,B,38,0
391,2026-02-01,2026-01-29,FI,iOS,B,31,3
392,2026-01-21,2026-01-18,FI,Android,A,2,0
392,2026-01-22,2026-01-18,FI,Android,A,10,10
393,2026-01-16,2026-01-14,FI,iOS,B,54,8
393,2026-01-17,2026-01-14,FI,iOS,B,6,0
394,2026-01-20,2026-01-18,IN,iOS,A,8,10
394,2026-01-21,2026-01-18,IN,iOS,A,59,0
394,2026-01-22,2026-01-18,IN,iOS,A,3,5
395,2026-01-08,2026-01-02,US,Android,A,25,0
395,2026-01-09,2026-01-02,US,Android,A,33,10
396,2026-01-22,2026-01-22,US,Android,B,21,0
396,2026-01-24,2026-01-22,US,Android,B,56,3
397,2026-01-03,2026-01-03,FI,Android,A,26,0
397,2026-01-05,2026-01-03,FI,Android,A,20,10
397,2026-01-06,2026-01-03,FI,Android,A,22,0
397,2026-01-08,2026-01-03,FI,Android,A,28,10
397,2026-01-09,2026-01-03,FI,Android,A,9,0
397,2026-01-11,2026-01-03,FI,Android,A,26,10
398,2026-01-16,2026-01-16,US,iOS,B,28,3
399,2026-01-30,2026-01-29,FI,Android,B,58,0
399,2026-02-04,2026-01-29,FI,Android,B,54,8
400,2026-01-10,2026-01-09,IN,Android,A,53,0
400,2026-01-11,2026-01-09,IN,Android,A,18,0
401,2026-01-06,2026-01-04,IN,iOS,A,1,0
401,2026-01-07,2026-01-04,IN,iOS,A,1,10
401,2026-01-08,2026-01-04,IN,iOS,A,30,0
401,2026-01-09,2026-01-04,IN,iOS,A,46,0
402,2026-01-01,2026-01-01,DE,Android,A,44,10
402,2026-01-03,2026-01-01,DE,Android,A,10,0
402,2026-01-05,2026-01-01,DE,Android,A,40,0
402,2026-01-07,2026-01-01,DE,Android,A,16,0
402,2026-01-08,2026-01-01,DE,Android,A,1,0
403,2026-01-06,2026-01-04,IN,Android,A,11,0
404,2026-01-01,2026-01-01,FI,Android,B,42,0
405,2026-01-15,2026-01-14,IN,iOS,B,26,0
405,2026-01-16,2026-01-14,IN,iOS,B,15,0
405,2026-01-18,2026-01-14,IN,iOS,B,4,3
405,2026-01-19,2026-01-14,IN,iOS,B,36,3
406,2026-01-21,2026-01-21,DE,iOS,B,30,3
406,2026-01-22,2026-01-21,DE,iOS,B,25,0
406,2026-01-24,2026-01-21,DE,iOS,B,51,0
406,2026-01-28,2026-01-21,DE,iOS,B,52,8
407,2026-01-16,2026-01-16,US,iOS,A,41,0
408,2026-01-20,2026-01-20,FI,iOS,A,44,10
408,2026-01-21,2026-01-20,FI,iOS,A,21,0
409,2026-01-24,2026-01-24,US,Android,A,52,0
411,2026-01-07,2026-01-07,DE,iOS,A,51,5
411,2026-01-08,2026-01-07,DE,iOS,A,41,0
411,2026-01-13,2026-01-07,DE,iOS,A,12,0
412,2026-01-06,2026-01-03,DE,Android,B,45,0
414,2026-01-01,2026-01-01,US,Android,B,57,8
415,2026-01-16,2026-01-16,US,iOS,B,56,0
415,2026-01-17,2026-01-16,US,iOS,B,29,3
415,2026-01-19,2026-01-16,US,iOS,B,44,0
415,2026-01-21,2026-01-16,US,iOS,B,42,8
415,2026-01-24,2026-01-16,US,iOS,B,48,0
416,2026-01-12,2026-01-12,US,iOS,A,4,0
416,2026-01-17,2026-01-12,US,iOS,A,31,10
416,2026-01-19,2026-01-12,US,iOS,A,3,0
416,2026-01-20,2026-01-12,US,iOS,A,3,0
417,2026-01-27,2026-01-27,DE,iOS,A,9,0
417,2026-01-28,2026-01-27,DE,iOS,A,3,5
417,2026-01-30,2026-01-27,DE,iOS,A,44,0
417,2026-02-01,2026-01-27,DE,iOS,A,54,0
418,2026-01-19,2026-01-19,DE,Android,B,5,0
418,2026-01-20,2026-01-19,DE,Android,B,10,0
419,2026-01-24,2026-01-22,FI,Android,B,54,0
419,2026-01-26,2026-01-22,FI,Android,B,24,8
419,2026-01-27,2026-01-22,FI,Android,B,58,0
419,2026-01-29,2026-01-22,FI,Android,B,2,0
420,2026-01-23,2026-01-23,FI,iOS,A,40,5
420,2026-01-24,2026-01-23,FI,iOS,A,22,10
421,2026-01-22,2026-01-22,US,Android,A,30,0
421,2026-01-23,2026-01-22,US,Android,A,9,0
422,2026-01-16,2026-01-14,IN,Android,B,8,0
422,2026-01-17,2026-01-14,IN,Android,B,40,0
423,2026-01-31,2026-01-30,IN,Android,A,39,5
424,2026-01-07,2026-01-06,DE,iOS,B,16,0
424,2026-01-08,2026-01-06,DE,iOS,B,8,8
425,2026-01-07,2026-01-06,DE,Android,B,22,8
425,2026-01-08,2026-01-06,DE,Android,B,43,0
425,2026-01-09,2026-01-06,DE,Android,B,50,8
426,2026-01-15,2026-01-13,DE,Android,A,2,0
426,2026-01-18,2026-01-13,DE,Android,A,18,0
429,2026-01-08,2026-01-08,DE,Android,A,25,10
429,2026-01-10,2026-01-08,DE,Android,A,55,0
429,2026-01-11,2026-01-08,DE,Android,A,52,0
430,2026-01-28,2026-01-27,DE,Android,A,56,0
432,2026-01-03,2026-01-02,IN,iOS,B,5,0
433,2026-01-26,2026-01-21,FI,Android,A,2,10
433,2026-01-27,2026-01-21,FI,Android,A,48,0
434,2026-01-31,2026-01-30,IN,Android,A,31,0
436,2026-01-28,2026-01-28,DE,Android,B,23,0
437,2026-01-17,2026-01-15,DE,iOS,A,53,0
438,2026-01-01,2026-01-01,US,Android,A,9,10
439,2026-01-05,2026-01-05,US,Android,B,17,0
439,2026-01-06,2026-01-05,US,Android,B,52,0
440,2026-01-30,2026-01-28,IN,iOS,B,21,0
440,2026-01-31,2026-01-28,IN,iOS,B,27,0
440,2026-02-01,2026-01-28,IN,iOS,B,31,0
440,2026-02-02,2026-01-28,IN,iOS,B,46,8
441,2026-01-29,2026-01-29,FI,Android,A,40,0
441,2026-01-30,2026-01-29,FI,Android,A,2,10
441,2026-02-01,2026-01-29,FI,Android,A,45,10
441,2026-02-04,2026-01-29,FI,Android,A,50,0
442,2026-01-17,2026-01-16,DE,iOS,A,41,0
443,2026-01-20,2026-01-19,DE,Android,A,13,0
444,2026-01-04,2026-01-04,IN,Android,B,35,3
444,2026-01-07,2026-01-04,IN,Android,B,57,0
444,2026-01-10,2026-01-04,IN,Android,B,40,0
444,2026-01-11,2026-01-04,IN,Android,B,50,3
445,2026-01-03,2026-01-03,US,iOS,A,13,10
445,2026-01-04,2026-01-03,US,iOS,A,25,5
446,2026-01-17,2026-01-17,FI,iOS,A,23,0
446,2026-01-19,2026-01-17,FI,iOS,A,50,5
446,2026-01-20,2026-01-17,FI,iOS,A,5,0
446,2026-01-23,2026-01-17,FI,iOS,A,4,0
446,2026-01-24,2026-01-17,FI,iOS,A,55,0
446,2026-01-25,2026-01-17,FI,iOS,A,18,10
447,2026-01-19,2026-01-17,US,Android,A,21,0
447,2026-01-21,2026-01-17,US,Android,A,58,10
447,2026-01-22,2026-01-17,US,Android,A,19,10
448,2026-01-12,2026-01-12,US,Android,B,46,0
450,2026-01-31,2026-01-30,US,iOS,A,35,10
451,2026-01-29,2026-01-29,DE,Android,A,16,0
452,2026-01-14,2026-01-14,DE,iOS,B,35,0
452,2026-01-16,2026-01-14,DE,iOS,B,48,0
452,2026-01-17,2026-01-14,DE,iOS,B,6,0
452,2026-01-19,2026-01-14,DE,iOS,B,28,8
452,2026-01-20,2026-01-14,DE,iOS,B,3,3
454,2026-01-06,2026-01-06,FI,Android,B,34,8
454,2026-01-08,2026-01-06,FI,Android,B,54,0
454,2026-01-09,2026-01-06,FI,Android,B,59,8
454,2026-01-10,2026-01-06,FI,Android,B,17,3
455,2026-01-05,2026-01-03,IN,iOS,B,32,3
455,2026-01-07,2026-01-03,IN,iOS,B,26,0
455,2026-01-10,2026-01-03,IN,iOS,B,42,0
456,2026-01-28,2026-01-28,FI,Android,B,43,0
456,2026-02-01,2026-01-28,FI,Android,B,12,0
457,2026-01-09,2026-01-09,FI,Android,B,29,0
457,2026-01-10,2026-01-09,FI,Android,B,44,0
458,2026-01-07,2026-01-05,FI,Android,B,56,0
458,2026-01-08,2026-01-05,FI,Android,B,29,0
458,2026-01-10,2026-01-05,FI,Android,B,50,0
459,2026-01-25,2026-01-24,US,Android,B,44,3
459,2026-01-26,2026-01-24,US,Android,B,39,3
460,2026-01-29,2026-01-29,DE,Android,B,10,0
460,2026-02-01,2026-01-29,DE,Android,B,52,3
460,2026-02-02,2026-01-29,DE,Android,B,23,8
460,2026-02-04,2026-01-29,DE,Android,B,8,0
461,2026-01-18,2026-01-17,FI,iOS,A,58,0
461,2026-01-19,2026-01-17,FI,iOS,A,51,0
461,2026-01-20,2026-01-17,FI,iOS,A,43,0
461,2026-01-22,2026-01-17,FI,iOS,A,12,5
461,2026-01-24,2026-01-17,FI,iOS,A,15,10
461,2026-01-25,2026-01-17,FI,iOS,A,7,5
462,2026-01-14,2026-01-14,US,iOS,A,6,0
463,2026-01-21,2026-01-21,FI,Android,A,18,10
463,2026-01-22,2026-01-21,FI,Android,A,38,0
463,2026-01-24,2026-01-21,FI,Android,A,22,0
463,2026-01-26,2026-01-21,FI,Android,A,43,5
463,2026-01-28,2026-01-21,FI,Android,A,21,0
464,2026-01-03,2026-01-03,FI,Android,B,52,8
464,2026-01-05,2026-01-03,FI,Android,B,14,0
465,2026-01-29,2026-01-28,US,iOS,A,5,0
465,2026-01-31,2026-01-28,US,iOS,A,39,0
465,2026-02-01,2026-01-28,US,iOS,A,34,5
466,2026-01-01,2026-01-01,DE,iOS,B,28,8
466,2026-01-02,2026-01-01,DE,iOS,B,4,0
466,2026-01-04,2026-01-01,DE,iOS,B,7,3
466,2026-01-05,2026-01-01,DE,iOS,B,44,0
466,2026-01-07,2026-01-01,DE,iOS,B,11,0
467,2026-01-22,2026-01-20,DE,iOS,B,42,0
467,2026-01-26,2026-01-20,DE,iOS,B,42,0
468,2026-01-29,2026-01-29,IN,iOS,A,25,0
468,2026-01-31,2026-01-29,IN,iOS,A,27,0
469,2026-01-21,2026-01-21,US,Android,B,28,8
470,2026-01-24,2026-01-23,IN,Android,A,41,0
471,2026-01-01,2026-01-01,IN,iOS,A,6,0
471,2026-01-02,2026-01-01,IN,iOS,A,44,10
472,2026-01-04,2026-01-03,IN,Android,A,33,0
474,2026-01-25,2026-01-25,US,Android,A,47,5
474,2026-01-29,2026-01-25,US,Android,A,52,0
475,2026-01-10,2026-01-10,IN,iOS,B,8,0
475,2026-01-11,2026-01-10,IN,iOS,B,9,0
476,2026-01-23,2026-01-22,US,Android,A,55,0
477,2026-01-30,2026-01-26,US,iOS,A,54,10
477,2026-01-31,2026-01-26,US,iOS,A,40,0
479,2026-01-09,2026-01-08,IN,Android,B,33,3
479,2026-01-10,2026-01-08,IN,Android,B,13,8
479,2026-01-11,2026-01-08,IN,Android,B,5,0
480,2026-01-17,2026-01-14,IN,iOS,B,46,0
480,2026-01-19,2026-01-14,IN,iOS,B,11,3
481,2026-01-24,2026-01-24,US,Android,B,25,0
481,2026-01-25,2026-01-24,US,Android,B,36,8
481,2026-01-26,2026-01-24,US,Android,B,39,0
481,2026-01-27,2026-01-24,US,Android,B,4,8
481,2026-01-28,2026-01-24,US,Android,B,56,0
481,2026-02-01,2026-01-24,US,Android,B,16,8
482,2026-01-20,2026-01-18,FI,Android,A,12,0
483,2026-01-15,2026-01-15,DE,iOS,A,25,5
483,2026-01-16,2026-01-15,DE,iOS,A,13,10
483,2026-01-17,2026-01-15,DE,iOS,A,27,0
483,2026-01-20,2026-01-15,DE,iOS,A,8,0
484,2026-01-28,2026-01-22,DE,Android,B,35,0
485,2026-01-23,2026-01-23,DE,Android,B,50,0
485,2026-01-26,2026-01-23,DE,Android,B,12,0
485,2026-01-27,2026-01-23,DE,Android,B,23,3
486,2026-01-03,2026-01-02,DE,Android,B,19,8
487,2026-01-28,2026-01-27,IN,Android,B,12,0
487,2026-01-29,2026-01-27,IN,Android,B,39,0
487,2026-02-03,2026-01-27,IN,Android,B,44,0
487,2026-02-04,2026-01-27,IN,Android,B,34,0
488,2026-01-12,2026-01-10,IN,Android,B,26,3
489,2026-01-02,2026-01-02,FI,iOS,B,53,3
489,2026-01-05,2026-01-02,FI,iOS,B,58,0
489,2026-01-09,2026-01-02,FI,iOS,B,20,0
490,2026-01-26,2026-01-26,DE,Android,A,34,0
490,2026-01-29,2026-01-26,DE,Android,A,44,0
490,2026-01-30,2026-01-26,DE,Android,A,58,0
490,2026-01-31,2026-01-26,DE,Android,A,23,0
491,2026-01-22,2026-01-17,DE,Android,B,18,8
493,2026-01-01,2026-01-01,IN,Android,A,11,0
494,2026-01-10,2026-01-09,DE,Android,B,51,0
494,2026-01-12,2026-01-09,DE,Android,B,48,0
494,2026-01-13,2026-01-09,DE,Android,B,43,0
494,2026-01-14,2026-01-09,DE,Android,B,45,0
494,2026-01-16,2026-01-09,DE,Android,B,49,3
495,2026-01-11,2026-01-11,FI,iOS,B,24,0
495,2026-01-12,2026-01-11,FI,iOS,B,42,0
496,2026-01-22,2026-01-22,FI,Android,A,12,0
496,2026-01-28,2026-01-22,FI,Android,A,16,0
497,2026-01-16,2026-01-16,IN,iOS,B,29,8
497,2026-01-18,2026-01-16,IN,iOS,B,57,0
497,2026-01-21,2026-01-16,IN,iOS,B,16,8
498,2026-01-07,2026-01-07,FI,iOS,B,19,8
498,2026-01-09,2026-01-07,FI,iOS,B,11,8
498,2026-01-10,2026-01-07,FI,iOS,B,57,0
499,2026-02-02,2026-01-29,FI,iOS,A,30,0
499,2026-02-03,2026-01-29,FI,iOS,A,1,0
499,2026-02-04,2026-01-29,FI,iOS,A,10,5
500,2026-01-10,2026-01-10,IN,iOS,A,37,5
501,2026-01-23,2026-01-23,DE,Android,A,18,0
502,2026-01-26,2026-01-26,DE,iOS,B,29,3
504,2026-01-18,2026-01-18,FI,Android,B,52,8
504,2026-01-20,2026-01-18,FI,Android,B,25,0
505,2026-01-26,2026-01-25,DE,Android,A,17,10
506,2026-01-24,2026-01-24,IN,Android,A,28,0
506,2026-01-28,2026-01-24,IN,Android,A,18,0
506,2026-01-30,2026-01-24,IN,Android,A,26,10
507,2026-01-16,2026-01-13,FI,iOS,A,14,5
507,2026-01-17,2026-01-13,FI,iOS,A,29,0
508,2026-01-28,2026-01-28,US,Android,B,57,0
508,2026-01-29,2026-01-28,US,Android,B,10,0
509,2026-01-28,2026-01-26,IN,Android,B,6,0
509,2026-01-29,2026-01-26,IN,Android,B,22,0
509,2026-01-30,2026-01-26,IN,Android,B,15,0
509,2026-01-31,2026-01-26,IN,Android,B,24,8
510,2026-01-09,2026-01-07,FI,iOS,A,12,0
512,2026-01-07,2026-01-04,US,Android,A,9,10
513,2026-01-13,2026-01-13,US,Android,B,2,0
513,2026-01-16,2026-01-13,US,Android,B,11,8
513,2026-01-21,2026-01-13,US,Android,B,18,0
515,2026-01-01,2026-01-01,IN,iOS,B,42,8
515,2026-01-02,2026-01-01,IN,iOS,B,34,0
515,2026-01-04,2026-01-01,IN,iOS,B,23,8
515,2026-01-06,2026-01-01,IN,iOS,B,22,3
515,2026-01-07,2026-01-01,IN,iOS,B,30,0
516,2026-01-09,2026-01-08,IN,Android,A,24,5
516,2026-01-10,2026-01-08,IN,Android,A,13,10
516,2026-01-11,2026-01-08,IN,Android,A,26,0
516,2026-01-14,2026-01-08,IN,Android,A,51,0
516,2026-01-15,2026-01-08,IN,Android,A,37,0
517,2026-01-14,2026-01-14,DE,Android,A,28,10
517,2026-01-16,2026-01-14,DE,Android,A,59,0
517,2026-01-17,2026-01-14,DE,Android,A,47,0
518,2026-01-16,2026-01-16,IN,iOS,A,58,0
518,2026-01-17,2026-01-16,IN,iOS,A,30,5
518,2026-01-18,2026-01-16,IN,iOS,A,22,0
520,2026-01-15,2026-01-12,IN,iOS,A,41,0
521,2026-01-20,2026-01-19,IN,Android,A,47,10
521,2026-01-25,2026-01-19,IN,Android,A,26,10
523,2026-01-15,2026-01-15,US,iOS,A,43,0
523,2026-01-17,2026-01-15,US,iOS,A,37,5
524,2026-01-29,2026-01-28,IN,iOS,B,48,0
527,2026-01-23,2026-01-23,DE,iOS,B,15,0
527,2026-01-24,2026-01-23,DE,iOS,B,41,0
527,2026-01-26,2026-01-23,DE,iOS,B,7,3
527,2026-01-27,2026-01-23,DE,iOS,B,41,0
527,2026-01-29,2026-01-23,DE,iOS,B,49,0
527,2026-01-30,2026-01-23,DE,iOS,B,6,8
527,2026-01-31,2026-01-23,DE,iOS,B,41,8
528,2026-01-22,2026-01-22,FI,Android,A,15,0
528,2026-01-23,2026-01-22,FI,Android,A,21,5
528,2026-01-25,2026-01-22,FI,Android,A,12,0
529,2026-01-19,2026-01-19,US,iOS,B,37,8
529,2026-01-20,2026-01-19,US,iOS,B,10,0
529,2026-01-21,2026-01-19,US,iOS,B,1,8
529,2026-01-23,2026-01-19,US,iOS,B,20,0
531,2026-01-26,2026-01-26,DE,iOS,A,13,0
531,2026-01-28,2026-01-26,DE,iOS,A,28,10
531,2026-01-29,2026-01-26,DE,iOS,A,49,0
531,2026-01-30,2026-01-26,DE,iOS,A,11,5
531,2026-01-31,2026-01-26,DE,iOS,A,35,10
533,2026-01-29,2026-01-29,US,iOS,B,59,0
533,2026-01-31,2026-01-29,US,iOS,B,17,0
533,2026-02-02,2026-01-29,US,iOS,B,37,0
533,2026-02-03,2026-01-29,US,iOS,B,54,0
534,2026-01-26,2026-01-22,FI,Android,A,30,0
534,2026-01-28,2026-01-22,FI,Android,A,1,10
535,2026-01-27,2026-01-26,DE,Android,B,53,3
535,2026-01-30,2026-01-26,DE,Android,B,47,0
535,2026-02-01,2026-01-26,DE,Android,B,20,8
536,2026-01-26,2026-01-26,US,Android,A,26,0
536,2026-01-27,2026-01-26,US,Android,A,31,0
537,2026-01-24,2026-01-22,FI,Android,A,26,0
537,2026-01-27,2026-01-22,FI,Android,A,29,0
538,2026-01-19,2026-01-17,IN,Android,A,22,0
538,2026-01-21,2026-01-17,IN,Android,A,41,5
538,2026-01-22,2026-01-17,IN,Android,A,13,0
538,2026-01-23,2026-01-17,IN,Android,A,16,0
539,2026-01-20,2026-01-20,US,Android,A,34,0
539,2026-01-22,2026-01-20,US,Android,A,32,0
539,2026-01-23,2026-01-20,US,Android,A,41,0
539,2026-01-24,2026-01-20,US,Android,A,55,5
540,2026-01-11,2026-01-10,FI,Android,B,14,3
540,2026-01-12,2026-01-10,FI,Android,B,16,0
544,2026-01-11,2026-01-11,FI,iOS,A,18,0
544,2026-01-12,2026-01-11,FI,iOS,A,19,5
544,2026-01-16,2026-01-11,FI,iOS,A,36,0
544,2026-01-18,2026-01-11,FI,iOS,A,30,10
545,2026-01-28,2026-01-28,US,iOS,A,20,0
545,2026-01-30,2026-01-28,US,iOS,A,52,5
546,2026-01-09,2026-01-05,US,iOS,B,9,8
547,2026-01-03,2026-01-01,FI,iOS,B,24,0
547,2026-01-04,2026-01-01,FI,iOS,B,13,0
547,2026-01-06,2026-01-01,FI,iOS,B,22,8
548,2026-01-10,2026-01-08,FI,Android,B,32,0
548,2026-01-12,2026-01-08,FI,Android,B,13,0
548,2026-01-15,2026-01-08,FI,Android,B,43,3
548,2026-01-16,2026-01-08,FI,Android,B,12,3
549,2026-01-21,2026-01-21,IN,Android,B,43,0
549,2026-01-23,2026-01-21,IN,Android,B,59,3
549,2026-01-25,2026-01-21,IN,Android,B,23,0
550,2026-01-28,2026-01-28,FI,Android,B,42,0
550,2026-01-30,2026-01-28,FI,Android,B,31,0
550,2026-01-31,2026-01-28,FI,Android,B,24,0
551,2026-01-14,2026-01-12,DE,Android,B,55,8
551,2026-01-15,2026-01-12,DE,Android,B,16,8
551,2026-01-17,2026-01-12,DE,Android,B,22,0
551,2026-01-18,2026-01-12,DE,Android,B,14,3
552,2026-01-14,2026-01-12,US,Android,B,57,0
553,2026-01-05,2026-01-05,US,Android,A,19,0
554,2026-01-07,2026-01-07,DE,Android,B,35,8
554,2026-01-08,2026-01-07,DE,Android,B,30,3
554,2026-01-09,2026-01-07,DE,Android,B,9,0
554,2026-01-10,2026-01-07,DE,Android,B,26,0
554,2026-01-12,2026-01-07,DE,Android,B,16,0
554,2026-01-14,2026-01-07,DE,Android,B,52,0
555,2026-01-05,2026-01-04,FI,iOS,B,51,0
555,2026-01-07,2026-01-04,FI,iOS,B,15,0
556,2026-01-06,2026-01-06,DE,iOS,B,41,0
556,2026-01-07,2026-01-06,DE,iOS,B,41,8
556,2026-01-08,2026-01-06,DE,iOS,B,12,0
556,2026-01-10,2026-01-06,DE,iOS,B,20,0
556,2026-01-12,2026-01-06,DE,iOS,B,9,0
557,2026-01-16,2026-01-13,DE,iOS,A,59,10
557,2026-01-21,2026-01-13,DE,iOS,A,33,0
559,2026-02-03,2026-01-30,DE,Android,B,55,0
559,2026-02-04,2026-01-30,DE,Android,B,2,0
559,2026-02-07,2026-01-30,DE,Android,B,23,3
560,2026-01-16,2026-01-15,US,Android,B,32,0
560,2026-01-19,2026-01-15,US,Android,B,32,3
561,2026-01-04,2026-01-03,DE,Android,B,24,0
562,2026-01-23,2026-01-23,US,iOS,A,41,0
562,2026-01-24,2026-01-23,US,iOS,A,52,5
562,2026-01-26,2026-01-23,US,iOS,A,10,10
562,2026-01-28,2026-01-23,US,iOS,A,38,0
563,2026-01-08,2026-01-08,US,Android,A,53,5
563,2026-01-10,2026-01-08,US,Android,A,15,0
564,2026-01-21,2026-01-20,US,Android,B,15,8
565,2026-01-16,2026-01-16,FI,Android,A,28,10
565,2026-01-17,2026-01-16,FI,Android,A,44,0
565,2026-01-20,2026-01-16,FI,Android,A,49,0
565,2026-01-21,2026-01-16,FI,Android,A,43,0
565,2026-01-22,2026-01-16,FI,Android,A,26,0
565,2026-01-24,2026-01-16,FI,Android,A,31,0
566,2026-01-14,2026-01-13,IN,iOS,B,31,3
566,2026-01-15,2026-01-13,IN,iOS,B,57,0
567,2026-01-20,2026-01-18,US,Android,A,32,5
567,2026-01-22,2026-01-18,US,Android,A,21,0
567,2026-01-23,2026-01-18,US,Android,A,14,0
568,2026-01-28,2026-01-28,US,iOS,A,20,0
568,2026-01-29,2026-01-28,US,iOS,A,18,5
569,2026-01-11,2026-01-10,FI,iOS,B,28,0
569,2026-01-12,2026-01-10,FI,iOS,B,13,0
569,2026-01-14,2026-01-10,FI,iOS,B,27,0
570,2026-01-30,2026-01-30,US,iOS,B,45,3
570,2026-02-01,2026-01-30,US,iOS,B,36,0
572,2026-01-17,2026-01-17,DE,Android,B,31,0
572,2026-01-19,2026-01-17,DE,Android,B,49,0
573,2026-01-28,2026-01-24,IN,iOS,A,37,0
573,2026-01-30,2026-01-24,IN,iOS,A,19,0
573,2026-02-01,2026-01-24,IN,iOS,A,49,0
574,2026-01-19,2026-01-19,US,iOS,A,55,0
574,2026-01-20,2026-01-19,US,iOS,A,58,0
574,2026-01-21,2026-01-19,US,iOS,A,48,10
575,2026-01-30,2026-01-28,FI,Android,A,5,0
575,2026-01-31,2026-01-28,FI,Android,A,7,0
576,2026-01-26,2026-01-26,DE,Android,B,29,0
576,2026-01-29,2026-01-26,DE,Android,B,43,0
576,2026-01-30,2026-01-26,DE,Android,B,10,0
577,2026-01-29,2026-01-23,FI,iOS,A,50,0
577,2026-01-31,2026-01-23,FI,iOS,A,39,0
579,2026-01-06,2026-01-05,DE,iOS,A,22,0
579,2026-01-07,2026-01-05,DE,iOS,A,17,5
579,2026-01-12,2026-01-05,DE,iOS,A,1,10
579,2026-01-13,2026-01-05,DE,iOS,A,31,10
580,2026-01-26,2026-01-26,FI,iOS,B,47,0
580,2026-01-27,2026-01-26,FI,iOS,B,36,0
581,2026-01-21,2026-01-21,DE,iOS,B,10,0
581,2026-01-23,2026-01-21,DE,iOS,B,13,0
581,2026-01-26,2026-01-21,DE,iOS,B,13,0
582,2026-01-30,2026-01-30,FI,iOS,A,30,0
582,2026-02-01,2026-01-30,FI,iOS,A,47,0
582,2026-02-02,2026-01-30,FI,iOS,A,24,0
582,2026-02-03,2026-01-30,FI,iOS,A,1,0
583,2026-01-23,2026-01-23,DE,Android,B,43,8
584,2026-01-09,2026-01-09,US,iOS,B,36,8
586,2026-01-21,2026-01-21,DE,Android,B,43,0
586,2026-01-22,2026-01-21,DE,Android,B,17,0
586,2026-01-23,2026-01-21,DE,Android,B,42,0
586,2026-01-24,2026-01-21,DE,Android,B,55,3
587,2026-01-04,2026-01-01,DE,Android,B,24,0
587,2026-01-05,2026-01-01,DE,Android,B,17,0
587,2026-01-06,2026-01-01,DE,Android,B,15,0
588,2026-01-26,2026-01-26,IN,Android,B,58,0
588,2026-01-27,2026-01-26,IN,Android,B,31,0
588,2026-01-28,2026-01-26,IN,Android,B,35,8
588,2026-01-29,2026-01-26,IN,Android,B,21,0
589,2026-01-29,2026-01-26,DE,iOS,A,54,0
591,2026-01-17,2026-01-15,FI,iOS,B,16,8
592,2026-01-05,2026-01-02,IN,Android,A,58,5
592,2026-01-10,2026-01-02,IN,Android,A,9,10
593,2026-01-31,2026-01-30,US,Android,B,42,8
594,2026-01-22,2026-01-22,DE,iOS,B,24,0
594,2026-01-23,2026-01-22,DE,iOS,B,13,0
596,2026-01-25,2026-01-25,FI,iOS,B,7,8
597,2026-01-08,2026-01-08,US,Android,B,19,0
597,2026-01-11,2026-01-08,US,Android,B,50,0
598,2026-01-18,2026-01-13,IN,Android,A,57,0
598,2026-01-19,2026-01-13,IN,Android,A,4,10
600,2026-01-03,2026-01-01,US,iOS,A,49,5
600,2026-01-04,2026-01-01,US,iOS,A,40,10
600,2026-01-05,2026-01-01,US,iOS,A,28,10
601,2026-01-17,2026-01-16,US,iOS,A,17,5
601,2026-01-18,2026-01-16,US,iOS,A,47,0
602,2026-01-29,2026-01-29,DE,iOS,B,53,0
602,2026-01-30,2026-01-29,DE,iOS,B,44,0
603,2026-01-09,2026-01-07,DE,Android,B,36,8
605,2026-01-23,2026-01-22,FI,iOS,A,21,10
605,2026-01-24,2026-01-22,FI,iOS,A,21,0
605,2026-01-26,2026-01-22,FI,iOS,A,24,0
606,2026-01-30,2026-01-29,IN,iOS,A,19,0
608,2026-01-03,2026-01-03,US,Android,A,49,5
609,2026-01-14,2026-01-12,US,iOS,B,5,0
609,2026-01-18,2026-01-12,US,iOS,B,41,8
610,2026-01-26,2026-01-26,DE,Android,B,52,0
610,2026-01-28,2026-01-26,DE,Android,B,45,8
612,2026-01-22,2026-01-19,IN,iOS,A,22,10
612,2026-01-23,2026-01-19,IN,iOS,A,30,5
612,2026-01-25,2026-01-19,IN,iOS,A,7,0
613,2026-01-05,2026-01-05,US,Android,B,4,0
613,2026-01-07,2026-01-05,US,Android,B,38,0
613,2026-01-08,2026-01-05,US,Android,B,1,3
613,2026-01-09,2026-01-05,US,Android,B,26,0
614,2026-01-24,2026-01-22,US,iOS,B,31,3
614,2026-01-28,2026-01-22,US,iOS,B,26,0
617,2026-01-14,2026-01-14,FI,iOS,B,21,0
618,2026-02-01,2026-01-28,IN,Android,A,42,10
618,2026-02-02,2026-01-28,IN,Android,A,25,0
619,2026-01-06,2026-01-05,DE,Android,B,41,0
620,2026-01-15,2026-01-15,US,Android,B,25,3
620,2026-01-19,2026-01-15,US,Android,B,36,0
621,2026-01-17,2026-01-17,IN,Android,A,45,5
621,2026-01-22,2026-01-17,IN,Android,A,33,10
621,2026-01-25,2026-01-17,IN,Android,A,38,5
622,2026-01-30,2026-01-30,US,Android,B,52,3
622,2026-02-02,2026-01-30,US,Android,B,4,0
622,2026-02-04,2026-01-30,US,Android,B,59,3
624,2026-02-02,2026-01-30,US,Android,B,45,0
625,2026-01-20,2026-01-20,IN,Android,A,6,0
626,2026-01-05,2026-01-05,US,iOS,A,16,0
626,2026-01-09,2026-01-05,US,iOS,A,58,0
626,2026-01-11,2026-01-05,US,iOS,A,19,0
629,2026-01-28,2026-01-26,DE,iOS,B,48,0
629,2026-01-30,2026-01-26,DE,iOS,B,16,3
631,2026-01-16,2026-01-16,IN,Android,A,56,10
631,2026-01-17,2026-01-16,IN,Android,A,3,0
631,2026-01-18,2026-01-16,IN,Android,A,22,0
631,2026-01-19,2026-01-16,IN,Android,A,9,0
631,2026-01-21,2026-01-16,IN,Android,A,27,5
631,2026-01-22,2026-01-16,IN,Android,A,56,0
632,2026-01-21,2026-01-21,DE,iOS,A,30,0
632,2026-01-23,2026-01-21,DE,iOS,A,54,0
633,2026-01-08,2026-01-07,FI,Android,B,55,8
633,2026-01-09,2026-01-07,FI,Android,B,17,3
633,2026-01-10,2026-01-07,FI,Android,B,52,0
633,2026-01-12,2026-01-07,FI,Android,B,59,0
634,2026-01-04,2026-01-04,IN,Android,A,31,10
634,2026-01-05,2026-01-04,IN,Android,A,7,10
634,2026-01-06,2026-01-04,IN,Android,A,30,0
636,2026-02-04,2026-01-30,US,Android,B,23,0
636,2026-02-05,2026-01-30,US,Android,B,36,0
637,2026-01-30,2026-01-30,US,iOS,A,39,0
637,2026-02-01,2026-01-30,US,iOS,A,38,0
638,2026-01-05,2026-01-05,US,Android,A,3,5
638,2026-01-07,2026-01-05,US,Android,A,43,0
638,2026-01-10,2026-01-05,US,Android,A,13,0
638,2026-01-11,2026-01-05,US,Android,A,14,0
639,2026-01-23,2026-01-23,US,Android,B,47,3
639,2026-01-24,2026-01-23,US,Android,B,31,0
639,2026-01-25,2026-01-23,US,Android,B,14,3
639,2026-01-26,2026-01-23,US,Android,B,10,8
639,2026-01-27,2026-01-23,US,Android,B,6,0
639,2026-01-28,2026-01-23,US,Android,B,13,0
640,2026-01-26,2026-01-26,FI,Android,A,32,10
640,2026-01-28,2026-01-26,FI,Android,A,55,0
642,2026-01-22,2026-01-22,IN,Android,B,11,0
642,2026-01-24,2026-01-22,IN,Android,B,6,8
642,2026-01-26,2026-01-22,IN,Android,B,28,3
642,2026-01-27,2026-01-22,IN,Android,B,26,0
642,2026-01-28,2026-01-22,IN,Android,B,41,0
642,2026-01-29,2026-01-22,IN,Android,B,44,8
643,2026-01-06,2026-01-05,DE,iOS,B,12,0
644,2026-01-04,2026-01-04,FI,iOS,B,28,0
645,2026-01-03,2026-01-02,US,Android,B,15,8
647,2026-01-12,2026-01-10,DE,iOS,A,48,10
647,2026-01-13,2026-01-10,DE,iOS,A,55,0
647,2026-01-14,2026-01-10,DE,iOS,A,7,0
648,2026-01-26,2026-01-26,DE,Android,B,25,3
648,2026-01-27,2026-01-26,DE,Android,B,40,0
648,2026-01-31,2026-01-26,DE,Android,B,33,3
649,2026-01-20,2026-01-19,FI,iOS,B,28,0
649,2026-01-21,2026-01-19,FI,iOS,B,33,8
650,2026-01-27,2026-01-26,FI,iOS,A,5,10
650,2026-01-29,2026-01-26,FI,iOS,A,18,5
650,2026-01-31,2026-01-26,FI,iOS,A,39,0
651,2026-01-04,2026-01-01,FI,Android,B,32,0
651,2026-01-05,2026-01-01,FI,Android,B,39,0
652,2026-01-24,2026-01-24,IN,Android,B,30,3
652,2026-01-26,2026-01-24,IN,Android,B,57,3
652,2026-01-27,2026-01-24,IN,Android,B,32,3
652,2026-01-28,2026-01-24,IN,Android,B,4,8
652,2026-01-29,2026-01-24,IN,Android,B,1,0
653,2026-01-07,2026-01-05,US,iOS,B,41,0
653,2026-01-08,2026-01-05,US,iOS,B,35,0
653,2026-01-09,2026-01-05,US,iOS,B,47,8
654,2026-01-14,2026-01-13,FI,iOS,A,45,5
654,2026-01-15,2026-01-13,FI,iOS,A,42,0
655,2026-01-05,2026-01-04,FI,iOS,A,43,10
655,2026-01-08,2026-01-04,FI,iOS,A,41,0
655,2026-01-09,2026-01-04,FI,iOS,A,58,0
655,2026-01-10,2026-01-04,FI,iOS,A,44,0
656,2026-01-16,2026-01-16,FI,iOS,B,44,0
656,2026-01-17,2026-01-16,FI,iOS,B,4,0
656,2026-01-18,2026-01-16,FI,iOS,B,8,0
656,2026-01-20,2026-01-16,FI,iOS,B,17,0
657,2026-01-24,2026-01-24,DE,Android,B,22,3
657,2026-01-25,2026-01-24,DE,Android,B,6,0
659,2026-01-23,2026-01-23,IN,Android,A,54,0
659,2026-01-24,2026-01-23,IN,Android,A,43,0
659,2026-01-25,2026-01-23,IN,Android,A,48,0
660,2026-01-02,2026-01-02,US,Android,B,35,3
660,2026-01-04,2026-01-02,US,Android,B,39,8
660,2026-01-06,2026-01-02,US,Android,B,21,3
660,2026-01-07,2026-01-02,US,Android,B,33,0
660,2026-01-10,2026-01-02,US,Android,B,1,0
661,2026-01-17,2026-01-17,IN,Android,B,55,3
661,2026-01-18,2026-01-17,IN,Android,B,43,0
661,2026-01-20,2026-01-17,IN,Android,B,1,0
661,2026-01-21,2026-01-17,IN,Android,B,29,0
661,2026-01-22,2026-01-17,IN,Android,B,43,8
661,2026-01-23,2026-01-17,IN,Android,B,33,3
662,2026-01-28,2026-01-28,US,iOS,A,51,0
662,2026-01-29,2026-01-28,US,iOS,A,1,0
662,2026-02-01,2026-01-28,US,iOS,A,14,5
663,2026-01-27,2026-01-27,DE,Android,A,33,0
663,2026-01-30,2026-01-27,DE,Android,A,16,0
663,2026-02-01,2026-01-27,DE,Android,A,17,0
664,2026-01-21,2026-01-20,DE,Android,A,19,0
664,2026-01-23,2026-01-20,DE,Android,A,3,0
664,2026-01-26,2026-01-20,DE,Android,A,7,5
665,2026-01-24,2026-01-24,DE,Android,B,4,8
665,2026-01-25,2026-01-24,DE,Android,B,55,8
665,2026-01-29,2026-01-24,DE,Android,B,30,0
665,2026-01-30,2026-01-24,DE,Android,B,3,0
665,2026-01-31,2026-01-24,DE,Android,B,7,8
667,2026-01-18,2026-01-18,FI,Android,B,13,8
667,2026-01-19,2026-01-18,FI,Android,B,27,0
667,2026-01-20,2026-01-18,FI,Android,B,20,0
667,2026-01-21,2026-01-18,FI,Android,B,29,0
667,2026-01-22,2026-01-18,FI,Android,B,8,8
668,2026-01-09,2026-01-03,FI,iOS,A,23,0
669,2026-01-29,2026-01-28,DE,iOS,A,26,0
670,2026-01-01,2026-01-01,FI,iOS,A,48,5
670,2026-01-02,2026-01-01,FI,iOS,A,24,0
670,2026-01-03,2026-01-01,FI,iOS,A,14,5
670,2026-01-05,2026-01-01,FI,iOS,A,44,0
670,2026-01-07,2026-01-01,FI,iOS,A,44,10
671,2026-01-04,2026-01-01,FI,Android,A,46,0
671,2026-01-06,2026-01-01,FI,Android,A,8,0
671,2026-01-07,2026-01-01,FI,Android,A,18,0
672,2026-01-29,2026-01-29,IN,iOS,B,21,0
672,2026-01-30,2026-01-29,IN,iOS,B,47,0
672,2026-02-01,2026-01-29,IN,iOS,B,1,0
672,2026-02-02,2026-01-29,IN,iOS,B,15,0
672,2026-02-03,2026-01-29,IN,iOS,B,37,0
672,2026-02-04,2026-01-29,IN,iOS,B,12,0
672,2026-02-05,2026-01-29,IN,iOS,B,19,0
673,2026-01-19,2026-01-19,US,iOS,B,8,3
674,2026-01-14,2026-01-11,DE,Android,A,47,0
675,2026-01-05,2026-01-05,DE,Android,B,59,0
675,2026-01-07,2026-01-05,DE,Android,B,23,0
675,2026-01-08,2026-01-05,DE,Android,B,33,0
675,2026-01-09,2026-01-05,DE,Android,B,23,0
675,2026-01-10,2026-01-05,DE,Android,B,34,3
675,2026-01-12,2026-01-05,DE,Android,B,29,0
676,2026-01-12,2026-01-12,IN,Android,A,9,0
676,2026-01-13,2026-01-12,IN,Android,A,16,5
676,2026-01-17,2026-01-12,IN,Android,A,4,10
677,2026-01-03,2026-01-03,IN,iOS,A,24,10
677,2026-01-07,2026-01-03,IN,iOS,A,52,0
678,2026-01-01,2026-01-01,FI,iOS,A,4,5
678,2026-01-03,2026-01-01,FI,iOS,A,58,5
678,2026-01-07,2026-01-01,FI,iOS,A,43,0
679,2026-01-02,2026-01-01,DE,Android,A,19,0
680,2026-01-09,2026-01-08,US,Android,B,41,3
680,2026-01-10,2026-01-08,US,Android,B,32,8
680,2026-01-11,2026-01-08,US,Android,B,57,8
680,2026-01-12,2026-01-08,US,Android,B,34,0
681,2026-01-11,2026-01-10,IN,iOS,A,59,5
682,2026-01-11,2026-01-11,US,iOS,A,49,10
682,2026-01-12,2026-01-11,US,iOS,A,59,0
682,2026-01-13,2026-01-11,US,iOS,A,25,0
683,2026-01-13,2026-01-12,US,Android,B,59,0
683,2026-01-14,2026-01-12,US,Android,B,10,0
684,2026-01-29,2026-01-29,DE,Android,A,46,0
684,2026-01-31,2026-01-29,DE,Android,A,31,0
685,2026-01-13,2026-01-13,DE,iOS,A,31,0
685,2026-01-14,2026-01-13,DE,iOS,A,29,0
685,2026-01-17,2026-01-13,DE,iOS,A,19,5
687,2026-01-14,2026-01-14,DE,iOS,B,47,0
687,2026-01-15,2026-01-14,DE,iOS,B,29,8
687,2026-01-16,2026-01-14,DE,iOS,B,12,0
687,2026-01-18,2026-01-14,DE,iOS,B,58,3
688,2026-01-02,2026-01-02,DE,iOS,A,37,0
688,2026-01-03,2026-01-02,DE,iOS,A,49,10
688,2026-01-04,2026-01-02,DE,iOS,A,24,0
688,2026-01-06,2026-01-02,DE,iOS,A,33,0
688,2026-01-07,2026-01-02,DE,iOS,A,10,10
689,2026-01-29,2026-01-29,DE,iOS,B,25,0
690,2026-01-19,2026-01-19,US,iOS,A,20,10
690,2026-01-22,2026-01-19,US,iOS,A,26,0
690,2026-01-23,2026-01-19,US,iOS,A,12,10
691,2026-01-18,2026-01-18,IN,Android,A,45,0
691,2026-01-19,2026-01-18,IN,Android,A,26,0
692,2026-01-03,2026-01-03,FI,Android,B,21,0
692,2026-01-04,2026-01-03,FI,Android,B,32,8
693,2026-01-23,2026-01-23,US,iOS,A,35,0
693,2026-01-24,2026-01-23,US,iOS,A,56,0
693,2026-01-26,2026-01-23,US,iOS,A,5,0
694,2026-01-18,2026-01-17,DE,iOS,A,35,5
695,2026-01-26,2026-01-26,US,iOS,B,26,0
696,2026-01-08,2026-01-08,DE,iOS,B,59,0
696,2026-01-10,2026-01-08,DE,iOS,B,19,0
696,2026-01-12,2026-01-08,DE,iOS,B,48,0
696,2026-01-14,2026-01-08,DE,iOS,B,14,0
696,2026-01-15,2026-01-08,DE,iOS,B,10,8
697,2026-01-30,2026-01-29,DE,iOS,B,56,0
697,2026-01-31,2026-01-29,DE,iOS,B,33,0
697,2026-02-01,2026-01-29,DE,iOS,B,9,0
697,2026-02-02,2026-01-29,DE,iOS,B,50,0
697,2026-02-04,2026-01-29,DE,iOS,B,58,0
697,2026-02-05,2026-01-29,DE,iOS,B,21,0
697,2026-02-06,2026-01-29,DE,iOS,B,36,3
698,2026-01-26,2026-01-26,US,Android,B,12,0
698,2026-01-29,2026-01-26,US,Android,B,41,8
698,2026-01-31,2026-01-26,US,Android,B,22,8
698,2026-02-01,2026-01-26,US,Android,B,44,0
698,2026-02-02,2026-01-26,US,Android,B,31,0
702,2026-01-02,2026-01-02,FI,iOS,A,24,0
702,2026-01-04,2026-01-02,FI,iOS,A,19,10
702,2026-01-05,2026-01-02,FI,iOS,A,44,10
703,2026-01-20,2026-01-19,DE,iOS,A,6,10
704,2026-01-09,2026-01-09,IN,iOS,A,4,0
704,2026-01-10,2026-01-09,IN,iOS,A,21,0
705,2026-01-07,2026-01-07,IN,iOS,B,33,3
705,2026-01-09,2026-01-07,IN,iOS,B,53,0
705,2026-01-11,2026-01-07,IN,iOS,B,17,3
705,2026-01-13,2026-01-07,IN,iOS,B,41,8
706,2026-01-07,2026-01-04,FI,iOS,B,16,8
707,2026-01-29,2026-01-26,IN,Android,A,29,5
708,2026-01-22,2026-01-21,IN,iOS,B,42,0
709,2026-01-19,2026-01-18,FI,Android,B,18,8
709,2026-01-20,2026-01-18,FI,Android,B,51,3
709,2026-01-25,2026-01-18,FI,Android,B,44,0
710,2026-01-16,2026-01-13,DE,Android,B,48,0
710,2026-01-18,2026-01-13,DE,Android,B,29,8
710,2026-01-19,2026-01-13,DE,Android,B,42,8
711,2026-01-13,2026-01-11,IN,Android,B,18,3
711,2026-01-14,2026-01-11,IN,Android,B,1,3
711,2026-01-16,2026-01-11,IN,Android,B,23,0
711,2026-01-17,2026-01-11,IN,Android,B,52,3
712,2026-01-31,2026-01-29,IN,Android,A,5,5
712,2026-02-01,2026-01-29,IN,Android,A,32,0
712,2026-02-02,2026-01-29,IN,Android,A,59,0
712,2026-02-03,2026-01-29,IN,Android,A,51,0
712,2026-02-05,2026-01-29,IN,Android,A,1,10
713,2026-01-25,2026-01-24,IN,iOS,A,40,5
713,2026-01-26,2026-01-24,IN,iOS,A,3,5
713,2026-01-27,2026-01-24,IN,iOS,A,27,5
713,2026-01-29,2026-01-24,IN,iOS,A,53,10
714,2026-01-05,2026-01-04,US,Android,B,44,0
714,2026-01-08,2026-01-04,US,Android,B,16,0
714,2026-01-10,2026-01-04,US,Android,B,51,8
714,2026-01-12,2026-01-04,US,Android,B,57,0
715,2026-01-26,2026-01-25,FI,Android,A,29,10
717,2026-01-29,2026-01-29,FI,iOS,B,39,0
717,2026-02-01,2026-01-29,FI,iOS,B,44,0
717,2026-02-02,2026-01-29,FI,iOS,B,20,8
718,2026-01-29,2026-01-25,DE,iOS,A,29,10
718,2026-01-30,2026-01-25,DE,iOS,A,9,5
719,2026-01-05,2026-01-04,DE,iOS,A,58,5
719,2026-01-06,2026-01-04,DE,iOS,A,40,0
719,2026-01-09,2026-01-04,DE,iOS,A,52,0
720,2026-01-10,2026-01-10,IN,Android,A,1,0
721,2026-01-05,2026-01-05,FI,Android,B,59,8
721,2026-01-06,2026-01-05,FI,Android,B,22,8
721,2026-01-09,2026-01-05,FI,Android,B,7,0
721,2026-01-10,2026-01-05,FI,Android,B,44,8
722,2026-01-10,2026-01-09,DE,iOS,A,15,10
722,2026-01-11,2026-01-09,DE,iOS,A,12,10
722,2026-01-13,2026-01-09,DE,iOS,A,42,0
722,2026-01-15,2026-01-09,DE,iOS,A,21,0
722,2026-01-17,2026-01-09,DE,iOS,A,49,0
723,2026-01-25,2026-01-24,FI,Android,B,28,8
723,2026-01-26,2026-01-24,FI,Android,B,53,3
723,2026-01-30,2026-01-24,FI,Android,B,24,0
723,2026-02-01,2026-01-24,FI,Android,B,16,3
724,2026-01-03,2026-01-03,DE,iOS,A,44,10
724,2026-01-04,2026-01-03,DE,iOS,A,49,10
724,2026-01-05,2026-01-03,DE,iOS,A,42,5
724,2026-01-07,2026-01-03,DE,iOS,A,4,0
724,2026-01-08,2026-01-03,DE,iOS,A,41,10
725,2026-01-24,2026-01-17,US,iOS,A,16,0
725,2026-01-25,2026-01-17,US,iOS,A,4,0
726,2026-01-04,2026-01-03,DE,Android,B,53,0
727,2026-01-16,2026-01-16,US,Android,B,26,0
727,2026-01-19,2026-01-16,US,Android,B,49,0
727,2026-01-20,2026-01-16,US,Android,B,23,0
729,2026-01-18,2026-01-18,IN,Android,B,17,0
729,2026-01-20,2026-01-18,IN,Android,B,31,0
729,2026-01-22,2026-01-18,IN,Android,B,44,0
730,2026-01-18,2026-01-17,US,iOS,B,57,0
730,2026-01-20,2026-01-17,US,iOS,B,53,8
730,2026-01-22,2026-01-17,US,iOS,B,14,3
731,2026-01-07,2026-01-07,DE,iOS,B,43,3
731,2026-01-10,2026-01-07,DE,iOS,B,34,8
731,2026-01-11,2026-01-07,DE,iOS,B,26,0
732,2026-01-25,2026-01-24,IN,iOS,B,33,8
732,2026-01-26,2026-01-24,IN,iOS,B,43,0
733,2026-01-23,2026-01-23,US,iOS,B,37,3
733,2026-01-24,2026-01-23,US,iOS,B,57,0
733,2026-01-25,2026-01-23,US,iOS,B,37,0
733,2026-01-27,2026-01-23,US,iOS,B,11,3
733,2026-01-28,2026-01-23,US,iOS,B,44,3
733,2026-01-30,2026-01-23,US,iOS,B,4,3
734,2026-01-30,2026-01-30,IN,iOS,A,10,10
734,2026-02-02,2026-01-30,IN,iOS,A,53,5
734,2026-02-05,2026-01-30,IN,iOS,A,29,0
735,2026-01-06,2026-01-05,FI,Android,B,4,0
735,2026-01-07,2026-01-05,FI,Android,B,55,0
736,2026-01-14,2026-01-12,FI,iOS,B,20,8
737,2026-01-17,2026-01-17,US,iOS,A,28,0
738,2026-01-24,2026-01-23,DE,iOS,B,39,0
738,2026-01-26,2026-01-23,DE,iOS,B,33,3
739,2026-01-13,2026-01-13,US,Android,A,10,0
739,2026-01-14,2026-01-13,US,Android,A,7,5
740,2026-01-27,2026-01-23,IN,Android,A,57,0
740,2026-01-28,2026-01-23,IN,Android,A,37,10
741,2026-01-31,2026-01-25,DE,Android,B,44,8
741,2026-02-01,2026-01-25,DE,Android,B,48,0
742,2026-01-03,2026-01-03,FI,Android,A,21,0
742,2026-01-04,2026-01-03,FI,Android,A,33,5
743,2026-01-09,2026-01-09,DE,iOS,B,24,0
744,2026-02-02,2026-01-30,FI,iOS,A,14,5
744,2026-02-04,2026-01-30,FI,iOS,A,13,10
744,2026-02-05,2026-01-30,FI,iOS,A,35,0
745,2026-01-17,2026-01-17,DE,Android,A,3,10
745,2026-01-18,2026-01-17,DE,Android,A,47,0
745,2026-01-20,2026-01-17,DE,Android,A,54,0
745,2026-01-21,2026-01-17,DE,Android,A,27,0
745,2026-01-22,2026-01-17,DE,Android,A,38,0
745,2026-01-25,2026-01-17,DE,Android,A,30,5
746,2026-01-17,2026-01-17,DE,Android,A,43,10
746,2026-01-19,2026-01-17,DE,Android,A,46,0
746,2026-01-20,2026-01-17,DE,Android,A,21,0
746,2026-01-24,2026-01-17,DE,Android,A,26,10
746,2026-01-25,2026-01-17,DE,Android,A,40,5
747,2026-01-30,2026-01-30,DE,iOS,B,53,8
747,2026-01-31,2026-01-30,DE,iOS,B,47,8
747,2026-02-01,2026-01-30,DE,iOS,B,31,8
747,2026-02-02,2026-01-30,DE,iOS,B,58,8
749,2026-01-16,2026-01-16,IN,Android,A,56,0
749,2026-01-19,2026-01-16,IN,Android,A,29,0
750,2026-01-25,2026-01-25,US,Android,A,39,0
750,2026-01-28,2026-01-25,US,Android,A,14,10
750,2026-01-30,2026-01-25,US,Android,A,16,10
750,2026-02-01,2026-01-25,US,Android,A,14,5
751,2026-01-22,2026-01-22,US,Android,B,20,8
752,2026-01-13,2026-01-13,FI,Android,B,48,0
752,2026-01-14,2026-01-13,FI,Android,B,24,0
752,2026-01-15,2026-01-13,FI,Android,B,32,8
753,2026-01-27,2026-01-27,IN,iOS,A,51,5
753,2026-01-29,2026-01-27,IN,iOS,A,18,10
753,2026-01-30,2026-01-27,IN,iOS,A,55,10
753,2026-02-02,2026-01-27,IN,iOS,A,52,10
754,2026-01-19,2026-01-19,FI,iOS,A,36,0
754,2026-01-20,2026-01-19,FI,iOS,A,42,0
754,2026-01-23,2026-01-19,FI,iOS,A,49,10
754,2026-01-24,2026-01-19,FI,iOS,A,9,5
755,2026-01-17,2026-01-17,US,iOS,B,59,0
755,2026-01-23,2026-01-17,US,iOS,B,28,8
756,2026-01-04,2026-01-04,FI,Android,B,11,0
756,2026-01-05,2026-01-04,FI,Android,B,59,0
758,2026-01-29,2026-01-29,IN,iOS,B,15,3
758,2026-02-02,2026-01-29,IN,iOS,B,56,3
758,2026-02-03,2026-01-29,IN,iOS,B,27,3
758,2026-02-04,2026-01-29,IN,iOS,B,9,0
758,2026-02-05,2026-01-29,IN,iOS,B,33,8
759,2026-01-09,2026-01-09,DE,iOS,B,59,3
760,2026-01-19,2026-01-19,IN,iOS,A,6,0
760,2026-01-20,2026-01-19,IN,iOS,A,31,0
760,2026-01-26,2026-01-19,IN,iOS,A,37,0
761,2026-01-12,2026-01-12,FI,iOS,B,49,0
761,2026-01-14,2026-01-12,FI,iOS,B,23,3
761,2026-01-15,2026-01-12,FI,iOS,B,13,3
761,2026-01-17,2026-01-12,FI,iOS,B,38,0
761,2026-01-19,2026-01-12,FI,iOS,B,8,0
761,2026-01-20,2026-01-12,FI,iOS,B,15,3
762,2026-01-11,2026-01-09,FI,Android,A,55,0
762,2026-01-14,2026-01-09,FI,Android,A,20,0
762,2026-01-15,2026-01-09,FI,Android,A,29,0
762,2026-01-17,2026-01-09,FI,Android,A,4,0
763,2026-01-10,2026-01-07,IN,iOS,B,31,0
763,2026-01-11,2026-01-07,IN,iOS,B,58,8
765,2026-01-14,2026-01-14,US,iOS,B,22,0
765,2026-01-18,2026-01-14,US,iOS,B,29,3
765,2026-01-19,2026-01-14,US,iOS,B,44,3
766,2026-01-20,2026-01-20,FI,iOS,B,45,0
766,2026-01-23,2026-01-20,FI,iOS,B,31,3
766,2026-01-25,2026-01-20,FI,iOS,B,44,0
767,2026-01-19,2026-01-19,FI,iOS,A,51,10
768,2026-01-26,2026-01-26,IN,iOS,A,17,10
768,2026-01-28,2026-01-26,IN,iOS,A,50,5
770,2026-01-17,2026-01-16,FI,Android,B,23,0
770,2026-01-18,2026-01-16,FI,Android,B,14,0
770,2026-01-19,2026-01-16,FI,Android,B,33,0
770,2026-01-20,2026-01-16,FI,Android,B,27,0
770,2026-01-23,2026-01-16,FI,Android,B,10,0
771,2026-01-22,2026-01-21,DE,Android,B,27,0
771,2026-01-25,2026-01-21,DE,Android,B,48,8
771,2026-01-26,2026-01-21,DE,Android,B,52,0
771,2026-01-27,2026-01-21,DE,Android,B,19,0
772,2026-01-06,2026-01-05,IN,Android,B,54,0
773,2026-01-03,2026-01-03,IN,Android,B,8,8
775,2026-01-26,2026-01-25,FI,Android,A,43,0
776,2026-01-20,2026-01-20,DE,Android,B,55,0
776,2026-01-21,2026-01-20,DE,Android,B,32,0
776,2026-01-25,2026-01-20,DE,Android,B,16,0
777,2026-01-28,2026-01-27,US,iOS,A,9,0
777,2026-01-29,2026-01-27,US,iOS,A,29,10
777,2026-01-30,2026-01-27,US,iOS,A,51,0
778,2026-01-21,2026-01-21,FI,iOS,A,23,10
780,2026-01-24,2026-01-21,IN,Android,B,24,3
780,2026-01-25,2026-01-21,IN,Android,B,54,0
781,2026-01-24,2026-01-23,FI,iOS,A,52,5
781,2026-01-30,2026-01-23,FI,iOS,A,39,0
782,2026-01-16,2026-01-16,US,Android,B,2,0
782,2026-01-18,2026-01-16,US,Android,B,57,8
782,2026-01-19,2026-01-16,US,Android,B,50,8
782,2026-01-21,2026-01-16,US,Android,B,48,0
785,2026-01-14,2026-01-13,US,iOS,A,4,10
785,2026-01-17,2026-01-13,US,iOS,A,28,0
787,2026-01-10,2026-01-10,FI,Android,B,21,0
787,2026-01-11,2026-01-10,FI,Android,B,41,8
787,2026-01-12,2026-01-10,FI,Android,B,2,0
787,2026-01-13,2026-01-10,FI,Android,B,34,0
788,2026-01-26,2026-01-26,DE,iOS,A,11,10
789,2026-01-08,2026-01-07,FI,iOS,B,14,0
789,2026-01-09,2026-01-07,FI,iOS,B,17,3
789,2026-01-10,2026-01-07,FI,iOS,B,42,0
790,2026-01-14,2026-01-14,IN,Android,B,53,3
790,2026-01-15,2026-01-14,IN,Android,B,5,3
791,2026-01-26,2026-01-26,FI,iOS,B,31,0
791,2026-01-27,2026-01-26,FI,iOS,B,17,0
791,2026-01-28,2026-01-26,FI,iOS,B,56,0
792,2026-01-05,2026-01-05,FI,Android,B,1,0
792,2026-01-07,2026-01-05,FI,Android,B,52,0
793,2026-01-08,2026-01-03,US,Android,B,14,0
793,2026-01-09,2026-01-03,US,Android,B,46,0
794,2026-01-27,2026-01-23,US,Android,B,35,0
794,2026-01-28,2026-01-23,US,Android,B,48,0
795,2026-01-29,2026-01-29,FI,iOS,B,54,8
796,2026-01-12,2026-01-11,DE,Android,B,54,0
796,2026-01-14,2026-01-11,DE,Android,B,6,3
797,2026-01-11,2026-01-11,US,Android,A,3,0
797,2026-01-13,2026-01-11,US,Android,A,3,0
797,2026-01-15,2026-01-11,US,Android,A,20,0
797,2026-01-16,2026-01-11,US,Android,A,27,10
797,2026-01-18,2026-01-11,US,Android,A,22,0
798,2026-01-18,2026-01-18,DE,iOS,A,31,5
798,2026-01-19,2026-01-18,DE,iOS,A,37,10
799,2026-01-15,2026-01-15,FI,Android,B,29,0
799,2026-01-17,2026-01-15,FI,Android,B,27,0
799,2026-01-18,2026-01-15,FI,Android,B,52,8
800,2026-01-12,2026-01-12,FI,Android,B,11,8
801,2026-01-09,2026-01-09,IN,Android,A,14,0
801,2026-01-10,2026-01-09,IN,Android,A,5,10
802,2026-01-10,2026-01-10,US,Android,A,6,10
803,2026-01-28,2026-01-26,FI,Android,A,10,0
804,2026-01-13,2026-01-12,IN,iOS,B,36,0
806,2026-02-02,2026-01-29,FI,Android,B,36,0
806,2026-02-03,2026-01-29,FI,Android,B,27,0
807,2026-01-06,2026-01-06,FI,iOS,B,32,0
807,2026-01-07,2026-01-06,FI,iOS,B,22,0
807,2026-01-08,2026-01-06,FI,iOS,B,4,8
807,2026-01-09,2026-01-06,FI,iOS,B,11,0
807,2026-01-10,2026-01-06,FI,iOS,B,52,8
807,2026-01-11,2026-01-06,FI,iOS,B,17,0
807,2026-01-12,2026-01-06,FI,iOS,B,52,0
809,2026-01-16,2026-01-14,US,iOS,B,14,0
809,2026-01-17,2026-01-14,US,iOS,B,29,0
809,2026-01-18,2026-01-14,US,iOS,B,29,3
810,2026-01-14,2026-01-13,US,Android,B,56,8
811,2026-01-08,2026-01-08,FI,iOS,B,3,0
811,2026-01-09,2026-01-08,FI,iOS,B,27,3
811,2026-01-11,2026-01-08,FI,iOS,B,54,0
811,2026-01-12,2026-01-08,FI,iOS,B,26,0
811,2026-01-13,2026-01-08,FI,iOS,B,53,0
811,2026-01-16,2026-01-08,FI,iOS,B,58,0
812,2026-01-11,2026-01-10,FI,Android,B,24,3
812,2026-01-12,2026-01-10,FI,Android,B,50,0
813,2026-01-10,2026-01-09,IN,Android,A,12,0
813,2026-01-14,2026-01-09,IN,Android,A,49,0
813,2026-01-15,2026-01-09,IN,Android,A,55,0
814,2026-01-20,2026-01-18,DE,iOS,A,10,0
814,2026-01-24,2026-01-18,DE,iOS,A,27,0
815,2026-01-27,2026-01-27,US,iOS,B,24,0
815,2026-01-29,2026-01-27,US,iOS,B,28,0
815,2026-01-30,2026-01-27,US,iOS,B,49,0
815,2026-02-01,2026-01-27,US,iOS,B,38,3
816,2026-01-27,2026-01-26,FI,Android,B,49,0
816,2026-01-28,2026-01-26,FI,Android,B,48,8
816,2026-01-31,2026-01-26,FI,Android,B,6,8
816,2026-02-01,2026-01-26,FI,Android,B,56,0
816,2026-02-03,2026-01-26,FI,Android,B,30,0
817,2026-01-05,2026-01-02,FI,iOS,A,5,0
818,2026-01-07,2026-01-05,US,Android,B,22,8
818,2026-01-09,2026-01-05,US,Android,B,54,0
818,2026-01-11,2026-01-05,US,Android,B,20,8
818,2026-01-12,2026-01-05,US,Android,B,41,0
818,2026-01-13,2026-01-05,US,Android,B,14,3
819,2026-01-31,2026-01-29,DE,iOS,A,27,5
819,2026-02-01,2026-01-29,DE,iOS,A,10,0
819,2026-02-03,2026-01-29,DE,iOS,A,33,0
819,2026-02-05,2026-01-29,DE,iOS,A,1,5
820,2026-01-05,2026-01-05,US,iOS,B,30,0
820,2026-01-07,2026-01-05,US,iOS,B,45,8
821,2026-01-06,2026-01-06,DE,iOS,B,38,0
822,2026-01-21,2026-01-19,FI,Android,A,45,0
822,2026-01-22,2026-01-19,FI,Android,A,24,5
823,2026-01-08,2026-01-08,DE,iOS,A,47,0
823,2026-01-09,2026-01-08,DE,iOS,A,52,10
823,2026-01-10,2026-01-08,DE,iOS,A,20,10
824,2026-01-19,2026-01-16,IN,Android,A,43,10
824,2026-01-21,2026-01-16,IN,Android,A,54,5
825,2026-01-13,2026-01-13,FI,Android,A,38,0
826,2026-01-01,2026-01-01,IN,Android,B,37,3
828,2026-01-20,2026-01-20,US,iOS,B,48,0
828,2026-01-22,2026-01-20,US,iOS,B,42,8
829,2026-01-18,2026-01-17,US,Android,A,26,5
829,2026-01-21,2026-01-17,US,Android,A,57,0
830,2026-01-07,2026-01-07,DE,Android,A,35,0
831,2026-01-25,2026-01-25,FI,iOS,B,3,8
831,2026-01-26,2026-01-25,FI,iOS,B,32,3
831,2026-01-27,2026-01-25,FI,iOS,B,18,3
831,2026-01-28,2026-01-25,FI,iOS,B,23,0
831,2026-01-29,2026-01-25,FI,iOS,B,40,0
831,2026-01-30,2026-01-25,FI,iOS,B,3,0
832,2026-01-13,2026-01-13,US,Android,A,30,0
833,2026-01-08,2026-01-04,US,iOS,A,30,0
835,2026-01-09,2026-01-06,US,iOS,A,2,0
836,2026-01-28,2026-01-28,IN,Android,B,18,0
836,2026-01-29,2026-01-28,IN,Android,B,35,0
836,2026-01-31,2026-01-28,IN,Android,B,3,0
836,2026-02-01,2026-01-28,IN,Android,B,13,0
836,2026-02-02,2026-01-28,IN,Android,B,24,0
837,2026-01-19,2026-01-19,FI,iOS,B,24,8
837,2026-01-21,2026-01-19,FI,iOS,B,48,0
837,2026-01-22,2026-01-19,FI,iOS,B,45,0
837,2026-01-23,2026-01-19,FI,iOS,B,10,0
837,2026-01-24,2026-01-19,FI,iOS,B,9,3
838,2026-01-30,2026-01-29,FI,Android,A,39,10
838,2026-01-31,2026-01-29,FI,Android,A,15,0
838,2026-02-01,2026-01-29,FI,Android,A,52,0
838,2026-02-02,2026-01-29,FI,Android,A,8,0
839,2026-01-12,2026-01-12,FI,Android,A,1,0
839,2026-01-17,2026-01-12,FI,Android,A,21,0
839,2026-01-18,2026-01-12,FI,Android,A,13,10
841,2026-01-07,2026-01-07,FI,iOS,B,45,0
842,2026-01-28,2026-01-27,IN,iOS,B,45,0
842,2026-01-29,2026-01-27,IN,iOS,B,3,8
843,2026-01-10,2026-01-10,FI,iOS,B,17,0
843,2026-01-11,2026-01-10,FI,iOS,B,23,0
844,2026-01-28,2026-01-26,DE,Android,B,37,0
844,2026-01-29,2026-01-26,DE,Android,B,46,0
844,2026-02-01,2026-01-26,DE,Android,B,53,3
845,2026-01-21,2026-01-19,US,Android,A,59,0
846,2026-01-08,2026-01-07,DE,iOS,A,42,10
846,2026-01-11,2026-01-07,DE,iOS,A,19,0
847,2026-02-01,2026-01-30,US,Android,A,7,5
847,2026-02-02,2026-01-30,US,Android,A,23,10
848,2026-01-03,2026-01-03,IN,iOS,B,14,3
849,2026-01-14,2026-01-13,DE,iOS,A,14,0
849,2026-01-15,2026-01-13,DE,iOS,A,24,0
850,2026-01-13,2026-01-13,FI,Android,B,13,0
850,2026-01-15,2026-01-13,FI,Android,B,51,3
851,2026-01-18,2026-01-18,US,Android,B,1,0
851,2026-01-19,2026-01-18,US,Android,B,52,3
852,2026-02-01,2026-01-28,US,Android,A,22,0
853,2026-01-30,2026-01-30,DE,Android,A,50,10
853,2026-01-31,2026-01-30,DE,Android,A,51,5
853,2026-02-01,2026-01-30,DE,Android,A,25,0
853,2026-02-03,2026-01-30,DE,Android,A,10,0
853,2026-02-05,2026-01-30,DE,Android,A,5,0
853,2026-02-06,2026-01-30,DE,Android,A,40,0
854,2026-01-26,2026-01-26,IN,Android,A,36,5
854,2026-01-27,2026-01-26,IN,Android,A,44,10
854,2026-01-31,2026-01-26,IN,Android,A,3,5
855,2026-01-22,2026-01-20,DE,Android,B,14,8
855,2026-01-26,2026-01-20,DE,Android,B,58,3
856,2026-01-28,2026-01-28,IN,Android,B,1,0
856,2026-01-29,2026-01-28,IN,Android,B,57,8
857,2026-01-11,2026-01-08,IN,iOS,A,8,10
857,2026-01-13,2026-01-08,IN,iOS,A,50,0
857,2026-01-14,2026-01-08,IN,iOS,A,57,10
858,2026-02-02,2026-01-29,US,iOS,A,59,5
858,2026-02-03,2026-01-29,US,iOS,A,44,0
859,2026-01-10,2026-01-09,DE,iOS,B,27,0
860,2026-01-07,2026-01-07,DE,iOS,A,20,10
861,2026-01-01,2026-01-01,IN,iOS,B,9,3
863,2026-01-16,2026-01-13,FI,iOS,A,4,0
864,2026-01-29,2026-01-28,FI,iOS,A,7,0
864,2026-01-31,2026-01-28,FI,iOS,A,57,5
865,2026-01-31,2026-01-30,DE,iOS,A,27,0
865,2026-02-03,2026-01-30,DE,iOS,A,26,5
865,2026-02-04,2026-01-30,DE,iOS,A,15,10
867,2026-01-30,2026-01-28,IN,iOS,B,39,3
867,2026-01-31,2026-01-28,IN,iOS,B,42,8
867,2026-02-01,2026-01-28,IN,iOS,B,13,0
867,2026-02-03,2026-01-28,IN,iOS,B,32,0
867,2026-02-05,2026-01-28,IN,iOS,B,42,8
869,2026-01-25,2026-01-25,FI,iOS,B,51,0
869,2026-01-29,2026-01-25,FI,iOS,B,7,8
869,2026-01-30,2026-01-25,FI,iOS,B,8,8
869,2026-01-31,2026-01-25,FI,iOS,B,37,8
869,2026-02-01,2026-01-25,FI,iOS,B,41,3
870,2026-01-24,2026-01-24,US,Android,A,14,10
870,2026-01-25,2026-01-24,US,Android,A,13,10
870,2026-01-26,2026-01-24,US,Android,A,28,0
870,2026-01-28,2026-01-24,US,Android,A,32,0
870,2026-01-29,2026-01-24,US,Android,A,23,0
873,2026-01-21,2026-01-21,FI,Android,A,5,0
873,2026-01-25,2026-01-21,FI,Android,A,23,10
873,2026-01-26,2026-01-21,FI,Android,A,56,0
874,2026-01-07,2026-01-06,IN,Android,A,58,10
875,2026-01-26,2026-01-26,DE,Android,A,41,10
875,2026-02-01,2026-01-26,DE,Android,A,3,0
876,2026-01-12,2026-01-12,IN,Android,A,23,0
876,2026-01-13,2026-01-12,IN,Android,A,8,0
876,2026-01-15,2026-01-12,IN,Android,A,14,5
877,2026-01-13,2026-01-13,DE,iOS,A,15,0
878,2026-01-13,2026-01-13,DE,Android,B,33,8
878,2026-01-15,2026-01-13,DE,Android,B,16,3
879,2026-01-30,2026-01-29,IN,Android,A,18,5
879,2026-01-31,2026-01-29,IN,Android,A,15,0
880,2026-01-17,2026-01-15,DE,Android,B,32,3
880,2026-01-18,2026-01-15,DE,Android,B,20,8
880,2026-01-19,2026-01-15,DE,Android,B,34,3
880,2026-01-20,2026-01-15,DE,Android,B,57,0
881,2026-01-22,2026-01-21,US,iOS,B,11,0
882,2026-01-16,2026-01-16,FI,iOS,A,45,0
882,2026-01-23,2026-01-16,FI,iOS,A,46,10
882,2026-01-24,2026-01-16,FI,iOS,A,10,0
884,2026-01-21,2026-01-21,US,iOS,A,35,0
884,2026-01-25,2026-01-21,US,iOS,A,20,5
885,2026-01-12,2026-01-11,DE,iOS,B,46,0
885,2026-01-15,2026-01-11,DE,iOS,B,6,3
886,2026-01-30,2026-01-28,FI,iOS,A,39,5
886,2026-01-31,2026-01-28,FI,iOS,A,48,0
886,2026-02-03,2026-01-28,FI,iOS,A,17,0
887,2026-01-08,2026-01-05,US,iOS,B,11,0
887,2026-01-09,2026-01-05,US,iOS,B,56,8
887,2026-01-10,2026-01-05,US,iOS,B,30,0
887,2026-01-11,2026-01-05,US,iOS,B,8,3
887,2026-01-12,2026-01-05,US,iOS,B,34,0
887,2026-01-13,2026-01-05,US,iOS,B,41,8
888,2026-01-05,2026-01-04,FI,Android,A,32,0
889,2026-01-04,2026-01-03,FI,Android,A,30,10
889,2026-01-05,2026-01-03,FI,Android,A,17,5
890,2026-01-19,2026-01-19,US,Android,B,26,0
891,2026-01-20,2026-01-20,US,iOS,B,39,3
891,2026-01-25,2026-01-20,US,iOS,B,20,3
891,2026-01-26,2026-01-20,US,iOS,B,45,0
892,2026-01-25,2026-01-25,US,iOS,A,55,10
892,2026-01-29,2026-01-25,US,iOS,A,20,10
894,2026-01-15,2026-01-15,US,iOS,B,4,0
894,2026-01-16,2026-01-15,US,iOS,B,36,0
894,2026-01-17,2026-01-15,US,iOS,B,3,0
894,2026-01-19,2026-01-15,US,iOS,B,15,0
894,2026-01-20,2026-01-15,US,iOS,B,51,0
895,2026-01-09,2026-01-09,US,iOS,B,32,3
895,2026-01-10,2026-01-09,US,iOS,B,27,3
895,2026-01-11,2026-01-09,US,iOS,B,10,0
895,2026-01-12,2026-01-09,US,iOS,B,36,0
895,2026-01-15,2026-01-09,US,iOS,B,23,0
895,2026-01-16,2026-01-09,US,iOS,B,20,3
896,2026-01-18,2026-01-17,US,Android,B,33,0
896,2026-01-20,2026-01-17,US,Android,B,15,0
896,2026-01-22,2026-01-17,US,Android,B,49,0
897,2026-01-15,2026-01-14,US,Android,B,33,0
897,2026-01-16,2026-01-14,US,Android,B,13,0
898,2026-01-15,2026-01-15,DE,iOS,A,56,0
898,2026-01-17,2026-01-15,DE,iOS,A,44,5
898,2026-01-21,2026-01-15,DE,iOS,A,7,0
899,2026-01-03,2026-01-01,IN,iOS,A,20,5
900,2026-01-22,2026-01-21,FI,iOS,B,38,3
900,2026-01-23,2026-01-21,FI,iOS,B,28,8
900,2026-01-24,2026-01-21,FI,iOS,B,54,0
901,2026-01-27,2026-01-22,US,iOS,A,49,5
902,2026-01-23,2026-01-22,DE,Android,A,9,10
902,2026-01-24,2026-01-22,DE,Android,A,15,0
902,2026-01-25,2026-01-22,DE,Android,A,50,0
903,2026-01-03,2026-01-03,DE,iOS,B,40,3
904,2026-01-18,2026-01-16,DE,iOS,A,41,10
905,2026-01-23,2026-01-23,FI,iOS,B,1,3
906,2026-01-25,2026-01-25,US,iOS,B,43,3
906,2026-01-28,2026-01-25,US,iOS,B,51,0
907,2026-01-12,2026-01-11,IN,Android,A,51,0
908,2026-01-12,2026-01-12,IN,iOS,B,11,8
908,2026-01-15,2026-01-12,IN,iOS,B,8,0
909,2026-01-12,2026-01-10,DE,iOS,B,29,0
909,2026-01-13,2026-01-10,DE,iOS,B,42,0
909,2026-01-14,2026-01-10,DE,iOS,B,29,8
911,2026-01-08,2026-01-08,FI,Android,B,52,8
912,2026-01-08,2026-01-06,FI,Android,B,45,3
912,2026-01-10,2026-01-06,FI,Android,B,1,0
913,2026-01-13,2026-01-12,IN,iOS,A,44,0
913,2026-01-14,2026-01-12,IN,iOS,A,6,0
913,2026-01-16,2026-01-12,IN,iOS,A,37,0
913,2026-01-18,2026-01-12,IN,iOS,A,50,10
915,2026-01-29,2026-01-28,US,Android,B,56,0
916,2026-01-21,2026-01-21,IN,Android,B,36,8
916,2026-01-26,2026-01-21,IN,Android,B,37,0
916,2026-01-27,2026-01-21,IN,Android,B,12,3
917,2026-01-09,2026-01-08,DE,Android,A,27,5
918,2026-01-26,2026-01-26,DE,Android,B,21,0
919,2026-01-30,2026-01-28,US,Android,A,25,10
919,2026-01-31,2026-01-28,US,Android,A,52,0
920,2026-01-04,2026-01-04,US,Android,B,35,3
920,2026-01-06,2026-01-04,US,Android,B,38,0
920,2026-01-08,2026-01-04,US,Android,B,6,0
920,2026-01-09,2026-01-04,US,Android,B,14,0
921,2026-01-26,2026-01-26,US,iOS,B,31,8
921,2026-01-27,2026-01-26,US,iOS,B,12,0
922,2026-01-09,2026-01-08,FI,iOS,B,53,0
922,2026-01-10,2026-01-08,FI,iOS,B,8,3
922,2026-01-11,2026-01-08,FI,iOS,B,33,8
922,2026-01-13,2026-01-08,FI,iOS,B,14,0
922,2026-01-16,2026-01-08,FI,iOS,B,1,0
923,2026-01-29,2026-01-26,US,iOS,B,2,0
924,2026-01-28,2026-01-28,DE,Android,B,6,3
924,2026-01-29,2026-01-28,DE,Android,B,30,0
924,2026-01-31,2026-01-28,DE,Android,B,58,3
924,2026-02-02,2026-01-28,DE,Android,B,24,0
924,2026-02-03,2026-01-28,DE,Android,B,31,0
924,2026-02-05,2026-01-28,DE,Android,B,20,0
925,2026-01-18,2026-01-18,US,Android,B,25,0
925,2026-01-22,2026-01-18,US,Android,B,7,0
925,2026-01-25,2026-01-18,US,Android,B,38,0
926,2026-01-28,2026-01-28,DE,Android,B,36,3
926,2026-01-29,2026-01-28,DE,Android,B,33,0
926,2026-01-30,2026-01-28,DE,Android,B,44,0
926,2026-02-02,2026-01-28,DE,Android,B,4,0
926,2026-02-04,2026-01-28,DE,Android,B,35,0
926,2026-02-05,2026-01-28,DE,Android,B,41,0
927,2026-01-28,2026-01-28,IN,Android,A,48,10
928,2026-01-09,2026-01-05,FI,Android,A,57,0
928,2026-01-12,2026-01-05,FI,Android,A,49,0
928,2026-01-13,2026-01-05,FI,Android,A,18,5
929,2026-01-09,2026-01-09,IN,Android,A,40,0
929,2026-01-12,2026-01-09,IN,Android,A,52,5
930,2026-01-04,2026-01-04,IN,iOS,B,23,3
931,2026-01-27,2026-01-27,DE,iOS,B,35,3
931,2026-01-29,2026-01-27,DE,iOS,B,38,8
932,2026-01-24,2026-01-22,IN,Android,B,4,3
933,2026-01-21,2026-01-17,DE,iOS,B,26,0
933,2026-01-22,2026-01-17,DE,iOS,B,16,0
934,2026-01-09,2026-01-09,US,Android,B,7,0
934,2026-01-12,2026-01-09,US,Android,B,22,0
934,2026-01-14,2026-01-09,US,Android,B,39,0
934,2026-01-15,2026-01-09,US,Android,B,10,0
934,2026-01-16,2026-01-09,US,Android,B,54,8
935,2026-01-01,2026-01-01,US,iOS,B,9,8
935,2026-01-02,2026-01-01,US,iOS,B,37,0
935,2026-01-03,2026-01-01,US,iOS,B,40,0
935,2026-01-04,2026-01-01,US,iOS,B,47,0
935,2026-01-05,2026-01-01,US,iOS,B,19,0
935,2026-01-06,2026-01-01,US,iOS,B,47,0
936,2026-01-21,2026-01-21,DE,Android,B,54,0
936,2026-01-23,2026-01-21,DE,Android,B,19,0
937,2026-01-22,2026-01-20,US,Android,A,55,0
937,2026-01-23,2026-01-20,US,Android,A,49,0
938,2026-01-13,2026-01-13,FI,iOS,B,42,3
938,2026-01-15,2026-01-13,FI,iOS,B,42,0
938,2026-01-16,2026-01-13,FI,iOS,B,20,8
938,2026-01-18,2026-01-13,FI,iOS,B,58,0
938,2026-01-20,2026-01-13,FI,iOS,B,59,0
939,2026-01-28,2026-01-28,IN,iOS,A,57,0
939,2026-01-29,2026-01-28,IN,iOS,A,9,10
940,2026-01-16,2026-01-16,FI,Android,A,25,0
940,2026-01-17,2026-01-16,FI,Android,A,45,0
940,2026-01-19,2026-01-16,FI,Android,A,5,0
941,2026-01-30,2026-01-29,IN,Android,B,21,0
941,2026-02-01,2026-01-29,IN,Android,B,27,8
941,2026-02-03,2026-01-29,IN,Android,B,38,0
942,2026-01-13,2026-01-13,US,iOS,B,38,3
942,2026-01-14,2026-01-13,US,iOS,B,41,0
943,2026-01-15,2026-01-14,FI,iOS,A,49,5
943,2026-01-16,2026-01-14,FI,iOS,A,58,0
944,2026-01-03,2026-01-03,US,Android,A,46,5
944,2026-01-05,2026-01-03,US,Android,A,27,5
945,2026-01-29,2026-01-29,IN,iOS,B,34,0
945,2026-01-30,2026-01-29,IN,iOS,B,32,0
945,2026-01-31,2026-01-29,IN,iOS,B,35,0
946,2026-01-09,2026-01-06,DE,Android,B,8,3
947,2026-01-20,2026-01-18,DE,Android,A,31,0
947,2026-01-21,2026-01-18,DE,Android,A,8,0
947,2026-01-22,2026-01-18,DE,Android,A,52,10
947,2026-01-24,2026-01-18,DE,Android,A,53,0
948,2026-01-19,2026-01-19,FI,Android,B,4,0
948,2026-01-22,2026-01-19,FI,Android,B,13,0
948,2026-01-23,2026-01-19,FI,Android,B,30,3
948,2026-01-25,2026-01-19,FI,Android,B,8,8
949,2026-01-06,2026-01-05,US,Android,B,50,0
950,2026-01-19,2026-01-15,US,iOS,B,37,8
950,2026-01-20,2026-01-15,US,iOS,B,52,0
951,2026-01-25,2026-01-25,FI,iOS,A,52,0
951,2026-01-26,2026-01-25,FI,iOS,A,4,0
953,2026-01-10,2026-01-10,IN,iOS,A,2,5
954,2026-01-24,2026-01-24,FI,iOS,B,1,0
955,2026-01-30,2026-01-30,IN,iOS,B,41,3
956,2026-01-19,2026-01-18,DE,iOS,A,52,5
956,2026-01-25,2026-01-18,DE,iOS,A,53,0
957,2026-01-28,2026-01-27,US,Android,A,54,0
957,2026-01-31,2026-01-27,US,Android,A,24,10
957,2026-02-01,2026-01-27,US,Android,A,7,0
958,2026-01-15,2026-01-13,DE,iOS,A,13,0
958,2026-01-17,2026-01-13,DE,iOS,A,8,0
958,2026-01-19,2026-01-13,DE,iOS,A,54,5
959,2026-01-06,2026-01-05,FI,iOS,B,39,8
960,2026-01-23,2026-01-23,US,Android,A,32,5
960,2026-01-25,2026-01-23,US,Android,A,4,0
960,2026-01-26,2026-01-23,US,Android,A,3,0
960,2026-01-27,2026-01-23,US,Android,A,48,10
962,2026-01-02,2026-01-01,FI,iOS,B,41,0
962,2026-01-05,2026-01-01,FI,iOS,B,14,0
962,2026-01-06,2026-01-01,FI,iOS,B,47,0
962,2026-01-08,2026-01-01,FI,iOS,B,20,0
963,2026-01-22,2026-01-22,DE,Android,B,28,0
963,2026-01-23,2026-01-22,DE,Android,B,33,3
963,2026-01-25,2026-01-22,DE,Android,B,34,3
963,2026-01-26,2026-01-22,DE,Android,B,50,0
963,2026-01-28,2026-01-22,DE,Android,B,24,0
963,2026-01-29,2026-01-22,DE,Android,B,17,8
964,2026-01-01,2026-01-01,FI,iOS,B,32,8
964,2026-01-03,2026-01-01,FI,iOS,B,39,0
965,2026-01-19,2026-01-18,DE,iOS,A,52,10
965,2026-01-20,2026-01-18,DE,iOS,A,17,0
965,2026-01-21,2026-01-18,DE,iOS,A,46,0
965,2026-01-22,2026-01-18,DE,iOS,A,17,10
966,2026-01-16,2026-01-15,US,iOS,B,7,0
966,2026-01-18,2026-01-15,US,iOS,B,26,0
966,2026-01-20,2026-01-15,US,iOS,B,54,8
966,2026-01-21,2026-01-15,US,iOS,B,12,0
966,2026-01-22,2026-01-15,US,iOS,B,6,8
967,2026-01-18,2026-01-17,DE,Android,B,31,0
968,2026-01-13,2026-01-11,US,iOS,A,59,10
968,2026-01-17,2026-01-11,US,iOS,A,40,0
968,2026-01-19,2026-01-11,US,iOS,A,58,5
969,2026-01-21,2026-01-21,DE,iOS,B,26,8
969,2026-01-23,2026-01-21,DE,iOS,B,10,0
969,2026-01-24,2026-01-21,DE,iOS,B,51,3
969,2026-01-25,2026-01-21,DE,iOS,B,3,0
970,2026-01-28,2026-01-26,IN,Android,A,22,10
971,2026-01-25,2026-01-25,IN,iOS,A,53,5
971,2026-01-27,2026-01-25,IN,iOS,A,51,5
972,2026-01-22,2026-01-22,FI,Android,B,16,0
972,2026-01-24,2026-01-22,FI,Android,B,59,8
973,2026-01-28,2026-01-27,DE,Android,B,15,0
974,2026-01-30,2026-01-27,DE,iOS,B,34,0
974,2026-02-03,2026-01-27,DE,iOS,B,16,0
975,2026-01-17,2026-01-17,US,Android,B,14,8
975,2026-01-18,2026-01-17,US,Android,B,5,8
976,2026-01-14,2026-01-13,FI,Android,B,15,0
976,2026-01-17,2026-01-13,FI,Android,B,25,0
977,2026-01-01,2026-01-01,DE,iOS,B,18,8
977,2026-01-04,2026-01-01,DE,iOS,B,18,0
977,2026-01-08,2026-01-01,DE,iOS,B,45,3
977,2026-01-09,2026-01-01,DE,iOS,B,14,3
979,2026-01-11,2026-01-09,IN,Android,A,4,0
980,2026-01-04,2026-01-03,DE,iOS,B,48,3
981,2026-01-01,2026-01-01,DE,iOS,A,10,0
983,2026-01-18,2026-01-16,DE,Android,A,41,5
983,2026-01-21,2026-01-16,DE,Android,A,55,0
984,2026-01-23,2026-01-23,FI,iOS,A,18,0
984,2026-01-24,2026-01-23,FI,iOS,A,18,0
984,2026-01-27,2026-01-23,FI,iOS,A,16,0
984,2026-01-29,2026-01-23,FI,iOS,A,44,10
986,2026-01-28,2026-01-28,US,Android,B,36,8
986,2026-01-29,2026-01-28,US,Android,B,3,0
986,2026-01-30,2026-01-28,US,Android,B,29,0
986,2026-02-01,2026-01-28,US,Android,B,42,3
986,2026-02-02,2026-01-28,US,Android,B,42,8
987,2026-01-17,2026-01-17,FI,Android,A,50,0
987,2026-01-18,2026-01-17,FI,Android,A,3,0
987,2026-01-19,2026-01-17,FI,Android,A,35,0
987,2026-01-20,2026-01-17,FI,Android,A,11,5
987,2026-01-21,2026-01-17,FI,Android,A,32,0
987,2026-01-22,2026-01-17,FI,Android,A,25,0
987,2026-01-25,2026-01-17,FI,Android,A,42,0
988,2026-01-06,2026-01-05,DE,Android,B,5,3
990,2026-01-06,2026-01-06,DE,Android,A,22,0
990,2026-01-07,2026-01-06,DE,Android,A,24,5
991,2026-01-06,2026-01-03,IN,Android,A,30,5
992,2026-01-21,2026-01-21,IN,iOS,A,6,10
992,2026-01-22,2026-01-21,IN,iOS,A,8,0
992,2026-01-23,2026-01-21,IN,iOS,A,57,0
993,2026-01-23,2026-01-23,US,iOS,A,42,0
993,2026-01-24,2026-01-23,US,iOS,A,31,0
993,2026-01-29,2026-01-23,US,iOS,A,20,0
994,2026-01-09,2026-01-05,FI,Android,B,47,0
994,2026-01-10,2026-01-05,FI,Android,B,4,3
994,2026-01-11,2026-01-05,FI,Android,B,3,8
995,2026-01-22,2026-01-21,DE,Android,B,57,0
995,2026-01-24,2026-01-21,DE,Android,B,1,0
995,2026-01-25,2026-01-21,DE,Android,B,44,3
996,2026-01-05,2026-01-05,US,iOS,A,14,5
997,2026-01-12,2026-01-10,DE,Android,A,37,0
997,2026-01-14,2026-01-10,DE,Android,A,33,0
998,2026-01-11,2026-01-10,IN,iOS,A,34,0
998,2026-01-13,2026-01-10,IN,iOS,A,38,10
999,2026-01-19,2026-01-19,FI,iOS,A,15,0
999,2026-01-20,2026-01-19,FI,iOS,A,53,10
999,2026-01-21,2026-01-19,FI,iOS,A,2,0
999,2026-01-23,2026-01-19,FI,iOS,A,44,0
